source,point_index,replicate,series,timestamp,operation,frequency_hz,sine_v_rms,input_mode,coupling,sensitivity_a,time_constant_s,settling_s,spacing_s,x_a,y_a,magnitude_a,phase_native_deg,status_word,unit,range_exceeded
coupling_20260924T101535Z.jsonl,0,0,coupling,2026-09-24T10:17:19.318+00:00,read,0.04,0.1,current_1e6,DC,2.0000000000000002e-07,0.30000000000000004,75.0,25.0,-9.86042e-08,0.0,9.8597e-08,180.0,0,A,False
coupling_20260924T101535Z.jsonl,0,1,coupling,2026-09-24T10:17:44.571+00:00,samples,0.04,0.1,current_1e6,DC,2.0000000000000002e-07,0.30000000000000004,75.0,25.0,-9.86042e-08,0.0,9.8597e-08,179.994,0,A,False
coupling_20260924T101535Z.jsonl,0,2,coupling,2026-09-24T10:18:11.646+00:00,read,0.04,0.1,current_1e6,DC,2.0000000000000002e-07,0.30000000000000004,75.0,25.0,-9.86042e-08,0.0,9.8597e-08,180.0,0,A,False
coupling_20260924T101535Z.jsonl,1,0,coupling,2026-09-24T10:19:53.689+00:00,read,0.04,0.1,current_1e6,AC,2.0000000000000002e-07,0.30000000000000004,75.0,25.0,-5.73348e-09,-2.30358e-08,2.3727e-08,-103.962,0,A,False
coupling_20260924T101535Z.jsonl,1,1,coupling,2026-09-24T10:20:18.893+00:00,samples,0.04,0.1,current_1e6,AC,2.0000000000000002e-07,0.30000000000000004,75.0,25.0,-5.73348e-09,-2.30358e-08,2.3727e-08,-103.962,0,A,False
coupling_20260924T101535Z.jsonl,1,2,coupling,2026-09-24T10:20:44.179+00:00,read,0.04,0.1,current_1e6,AC,2.0000000000000002e-07,0.30000000000000004,75.0,25.0,-5.73348e-09,-2.30358e-08,2.3727e-08,-103.962,0,A,False
coupling_20260924T101535Z.jsonl,2,0,coupling,2026-09-24T10:21:36.299+00:00,read,0.08,0.1,current_1e6,DC,2.0000000000000002e-07,0.30000000000000004,37.5,12.5,-9.86042e-08,0.0,9.8597e-08,180.0,0,A,False
coupling_20260924T101535Z.jsonl,2,1,coupling,2026-09-24T10:21:49.006+00:00,samples,0.08,0.1,current_1e6,DC,2.0000000000000002e-07,0.30000000000000004,37.5,12.5,-9.86042e-08,0.0,9.8597e-08,180.0,0,A,False
coupling_20260924T101535Z.jsonl,2,2,coupling,2026-09-24T10:22:01.696+00:00,read,0.08,0.1,current_1e6,DC,2.0000000000000002e-07,0.30000000000000004,37.5,12.5,-9.86042e-08,0.0,9.8597e-08,180.0,0,A,False
coupling_20260924T101535Z.jsonl,3,0,coupling,2026-09-24T10:22:53.739+00:00,read,0.08,0.1,current_1e6,AC,2.0000000000000002e-07,0.30000000000000004,37.5,12.5,-1.95215e-08,-3.92613e-08,4.38451e-08,-116.436,0,A,False
coupling_20260924T101535Z.jsonl,3,1,coupling,2026-09-24T10:23:06.454+00:00,samples,0.08,0.1,current_1e6,AC,2.0000000000000002e-07,0.30000000000000004,37.5,12.5,-1.95215e-08,-3.92613e-08,4.38451e-08,-116.436,0,A,False
coupling_20260924T101535Z.jsonl,3,2,coupling,2026-09-24T10:23:19.171+00:00,read,0.08,0.1,current_1e6,AC,2.0000000000000002e-07,0.30000000000000004,37.5,12.5,-1.95215e-08,-3.92613e-08,4.38451e-08,-116.436,0,A,False
coupling_20260924T101535Z.jsonl,4,0,coupling,2026-09-24T10:23:46.329+00:00,read,0.16,0.1,current_1e6,DC,2.0000000000000002e-07,0.30000000000000004,18.75,6.25,-9.86042e-08,0.0,9.8597e-08,180.0,0,A,False
coupling_20260924T101535Z.jsonl,4,1,coupling,2026-09-24T10:23:52.802+00:00,samples,0.16,0.1,current_1e6,DC,2.0000000000000002e-07,0.30000000000000004,18.75,6.25,-9.86042e-08,0.0,9.8597e-08,179.994,0,A,False
coupling_20260924T101535Z.jsonl,4,2,coupling,2026-09-24T10:23:59.257+00:00,read,0.16,0.1,current_1e6,DC,2.0000000000000002e-07,0.30000000000000004,18.75,6.25,-9.86042e-08,0.0,9.8597e-08,180.0,0,A,False
coupling_20260924T101535Z.jsonl,5,0,coupling,2026-09-24T10:24:26.558+00:00,read,0.16,0.1,current_1e6,AC,2.0000000000000002e-07,0.30000000000000004,18.75,6.25,-4.89965e-08,-4.92585e-08,6.94713e-08,-134.85,0,A,False
coupling_20260924T101535Z.jsonl,5,1,coupling,2026-09-24T10:24:33.035+00:00,samples,0.16,0.1,current_1e6,AC,2.0000000000000002e-07,0.30000000000000004,18.75,6.25,-4.89965e-08,-4.92585e-08,6.94713e-08,-134.85,0,A,False
coupling_20260924T101535Z.jsonl,5,2,coupling,2026-09-24T10:24:39.603+00:00,read,0.16,0.1,current_1e6,AC,2.0000000000000002e-07,0.30000000000000004,18.75,6.25,-4.89965e-08,-4.92585e-08,6.94713e-08,-134.85,0,A,False
coupling_20260924T101535Z.jsonl,6,0,coupling,2026-09-24T10:24:54.545+00:00,read,0.32,0.1,current_1e6,DC,2.0000000000000002e-07,0.30000000000000004,9.375,3.125,-9.86042e-08,0.0,9.8597e-08,179.994,0,A,False
coupling_20260924T101535Z.jsonl,6,1,coupling,2026-09-24T10:24:57.883+00:00,samples,0.32,0.1,current_1e6,DC,2.0000000000000002e-07,0.30000000000000004,9.375,3.125,-9.86042e-08,0.0,9.8597e-08,179.994,0,A,False
coupling_20260924T101535Z.jsonl,6,2,coupling,2026-09-24T10:25:02.229+00:00,read,0.32,0.1,current_1e6,DC,2.0000000000000002e-07,0.30000000000000004,9.375,3.125,-9.86042e-08,0.0,9.8597e-08,179.994,0,A,False
coupling_20260924T101535Z.jsonl,7,0,coupling,2026-09-24T10:25:22.566+00:00,read,0.32,0.1,current_1e6,AC,2.0000000000000002e-07,0.30000000000000004,15,3.125,-7.86608e-08,-3.95305e-08,8.8025e-08,-153.318,0,A,False
coupling_20260924T101535Z.jsonl,7,1,coupling,2026-09-24T10:25:25.886+00:00,samples,0.32,0.1,current_1e6,AC,2.0000000000000002e-07,0.30000000000000004,15,3.125,-7.86608e-08,-3.95305e-08,8.8025e-08,-153.318,0,A,False
coupling_20260924T101535Z.jsonl,7,2,coupling,2026-09-24T10:25:29.223+00:00,read,0.32,0.1,current_1e6,AC,2.0000000000000002e-07,0.30000000000000004,15,3.125,-7.86536e-08,-3.95305e-08,8.80177e-08,-153.318,0,A,False
coupling_20260924T101535Z.jsonl,8,0,coupling,2026-09-24T10:25:37.496+00:00,read,0.64,0.1,current_1e6,DC,2.0000000000000002e-07,0.30000000000000004,4.6875,1.5625,-9.86042e-08,0.0,9.8597e-08,179.994,0,A,False
coupling_20260924T101535Z.jsonl,8,1,coupling,2026-09-24T10:25:39.291+00:00,samples,0.64,0.1,current_1e6,DC,2.0000000000000002e-07,0.30000000000000004,4.6875,1.5625,-9.86042e-08,0.0,9.8597e-08,179.994,0,A,False
coupling_20260924T101535Z.jsonl,8,2,coupling,2026-09-24T10:25:41.061+00:00,read,0.64,0.1,current_1e6,DC,2.0000000000000002e-07,0.30000000000000004,4.6875,1.5625,-9.86042e-08,0.0,9.8597e-08,179.994,0,A,False
coupling_20260924T101535Z.jsonl,9,0,coupling,2026-09-24T10:25:59.734+00:00,read,0.64,0.1,current_1e6,AC,2.0000000000000002e-07,0.30000000000000004,15,1.5625,-9.26816e-08,-2.32977e-08,9.55556e-08,-165.894,0,A,False
coupling_20260924T101535Z.jsonl,9,1,coupling,2026-09-24T10:26:01.619+00:00,samples,0.64,0.1,current_1e6,AC,2.0000000000000002e-07,0.30000000000000004,15,1.5625,-9.26889e-08,-2.32977e-08,9.55629e-08,-165.894,0,A,False
coupling_20260924T101535Z.jsonl,9,2,coupling,2026-09-24T10:26:03.444+00:00,read,0.64,0.1,current_1e6,AC,2.0000000000000002e-07,0.30000000000000004,15,1.5625,-9.26816e-08,-2.32977e-08,9.55556e-08,-165.894,0,A,False
coupling_20260924T101535Z.jsonl,10,0,coupling,2026-09-24T10:26:11.192+00:00,read,1.28,0.1,current_1e6,DC,2.0000000000000002e-07,0.30000000000000004,4.500000000000001,0.9000000000000001,-9.86042e-08,0.0,9.8597e-08,179.994,0,A,False
coupling_20260924T101535Z.jsonl,10,1,coupling,2026-09-24T10:26:12.291+00:00,samples,1.28,0.1,current_1e6,DC,2.0000000000000002e-07,0.30000000000000004,4.500000000000001,0.9000000000000001,-9.86042e-08,0.0,9.8597e-08,179.994,0,A,False
coupling_20260924T101535Z.jsonl,10,2,coupling,2026-09-24T10:26:13.447+00:00,read,1.28,0.1,current_1e6,DC,2.0000000000000002e-07,0.30000000000000004,4.500000000000001,0.9000000000000001,-9.86042e-08,0.0,9.8597e-08,179.994,0,A,False
coupling_20260924T101535Z.jsonl,11,0,coupling,2026-09-24T10:26:31.391+00:00,read,1.28,0.1,current_1e6,AC,2.0000000000000002e-07,0.30000000000000004,15,0.9000000000000001,-9.70108e-08,-1.21946e-08,9.77675e-08,-172.836,0,A,False
coupling_20260924T101535Z.jsonl,11,1,coupling,2026-09-24T10:26:32.510+00:00,samples,1.28,0.1,current_1e6,AC,2.0000000000000002e-07,0.30000000000000004,15,0.9000000000000001,-9.70108e-08,-1.21946e-08,9.77675e-08,-172.836,0,A,False
coupling_20260924T101535Z.jsonl,11,2,coupling,2026-09-24T10:26:33.608+00:00,read,1.28,0.1,current_1e6,AC,2.0000000000000002e-07,0.30000000000000004,15,0.9000000000000001,-9.70108e-08,-1.22018e-08,9.77748e-08,-172.83,0,A,False
coupling_20260924T101535Z.jsonl,12,0,coupling,2026-09-24T10:26:37.612+00:00,read,3.1,0.1,current_1e6,DC,2.0000000000000002e-07,0.1,1.5,0.3225806451612903,-9.86042e-08,7.27601e-12,9.8597e-08,179.994,0,A,False
coupling_20260924T101535Z.jsonl,12,1,coupling,2026-09-24T10:26:38.251+00:00,samples,3.1,0.1,current_1e6,DC,2.0000000000000002e-07,0.1,1.5,0.3225806451612903,-9.86042e-08,0.0,9.8597e-08,180.0,0,A,False
coupling_20260924T101535Z.jsonl,12,2,coupling,2026-09-24T10:26:38.796+00:00,read,3.1,0.1,current_1e6,DC,2.0000000000000002e-07,0.1,1.5,0.3225806451612903,-9.86042e-08,0.0,9.8597e-08,180.0,0,A,False
coupling_20260924T101535Z.jsonl,13,0,coupling,2026-09-24T10:26:56.326+00:00,read,3.1,0.1,current_1e6,AC,2.0000000000000002e-07,0.1,15,0.3225806451612903,-9.82914e-08,-5.0932e-09,9.84223e-08,-177.036,0,A,False
coupling_20260924T101535Z.jsonl,13,1,coupling,2026-09-24T10:26:56.863+00:00,samples,3.1,0.1,current_1e6,AC,2.0000000000000002e-07,0.1,15,0.3225806451612903,-9.82914e-08,-5.10047e-09,9.84223e-08,-177.03,0,A,False
coupling_20260924T101535Z.jsonl,13,2,coupling,2026-09-24T10:26:57.417+00:00,read,3.1,0.1,current_1e6,AC,2.0000000000000002e-07,0.1,15,0.3225806451612903,-9.82914e-08,-5.10047e-09,9.84223e-08,-177.03,0,A,False
coupling_20260924T101535Z.jsonl,14,0,coupling,2026-09-24T10:27:01.552+00:00,read,13.033,0.1,current_1e6,DC,2.0000000000000002e-07,0.1,1.5,0.30000000000000004,-9.86042e-08,1.4552e-11,9.8597e-08,179.988,0,A,False
coupling_20260924T101535Z.jsonl,14,1,coupling,2026-09-24T10:27:02.079+00:00,samples,13.033,0.1,current_1e6,DC,2.0000000000000002e-07,0.1,1.5,0.30000000000000004,-9.86042e-08,1.4552e-11,9.8597e-08,179.988,0,A,False
coupling_20260924T101535Z.jsonl,14,2,coupling,2026-09-24T10:27:02.605+00:00,read,13.033,0.1,current_1e6,DC,2.0000000000000002e-07,0.1,1.5,0.30000000000000004,-9.86042e-08,1.4552e-11,9.8597e-08,179.988,0,A,False
coupling_20260924T101535Z.jsonl,15,0,coupling,2026-09-24T10:27:20.121+00:00,read,13.033,0.1,current_1e6,AC,2.0000000000000002e-07,0.1,15,0.30000000000000004,-9.85533e-08,-1.20054e-09,9.85533e-08,-179.304,0,A,False
coupling_20260924T101535Z.jsonl,15,1,coupling,2026-09-24T10:27:20.641+00:00,samples,13.033,0.1,current_1e6,AC,2.0000000000000002e-07,0.1,15,0.30000000000000004,-9.85533e-08,-1.20054e-09,9.85533e-08,-179.304,0,A,False
coupling_20260924T101535Z.jsonl,15,2,coupling,2026-09-24T10:27:21.139+00:00,read,13.033,0.1,current_1e6,AC,2.0000000000000002e-07,0.1,15,0.30000000000000004,-9.85533e-08,-1.20054e-09,9.85533e-08,-179.304,0,A,False
frequency_20260924T094934Z.jsonl,0,0,frequency,2026-09-24T09:50:17.899+00:00,read,0.1,0.1,current_1e6,DC,2.0000000000000002e-07,0.30000000000000004,30.0,10.0,-9.86406e-08,0.0,9.86333e-08,179.994,0,A,False
frequency_20260924T094934Z.jsonl,0,1,frequency,2026-09-24T09:50:28.160+00:00,samples,0.1,0.1,current_1e6,DC,2.0000000000000002e-07,0.30000000000000004,30.0,10.0,-9.86333e-08,0.0,9.86261e-08,180.0,0,A,False
frequency_20260924T094934Z.jsonl,0,2,frequency,2026-09-24T09:50:38.340+00:00,read,0.1,0.1,current_1e6,DC,2.0000000000000002e-07,0.30000000000000004,30.0,10.0,-9.86333e-08,0.0,9.86261e-08,180.0,0,A,False
frequency_20260924T094934Z.jsonl,1,0,frequency,2026-09-24T09:51:00.409+00:00,read,0.2,0.1,current_1e6,DC,2.0000000000000002e-07,0.30000000000000004,15.0,5.0,-9.86333e-08,0.0,9.86261e-08,180.0,0,A,False
frequency_20260924T094934Z.jsonl,1,1,frequency,2026-09-24T09:51:05.631+00:00,samples,0.2,0.1,current_1e6,DC,2.0000000000000002e-07,0.30000000000000004,15.0,5.0,-9.86333e-08,0.0,9.86261e-08,180.0,0,A,False
frequency_20260924T094934Z.jsonl,1,2,frequency,2026-09-24T09:51:10.813+00:00,read,0.2,0.1,current_1e6,DC,2.0000000000000002e-07,0.30000000000000004,15.0,5.0,-9.86333e-08,0.0,9.86261e-08,179.994,0,A,False
frequency_20260924T094934Z.jsonl,2,0,frequency,2026-09-24T09:51:20.968+00:00,read,0.5,0.1,current_1e6,DC,2.0000000000000002e-07,0.30000000000000004,6.0,2.0,-9.86333e-08,0.0,9.86261e-08,179.994,0,A,False
frequency_20260924T094934Z.jsonl,2,1,frequency,2026-09-24T09:51:23.265+00:00,samples,0.5,0.1,current_1e6,DC,2.0000000000000002e-07,0.30000000000000004,6.0,2.0,-9.86333e-08,0.0,9.86261e-08,179.994,0,A,False
frequency_20260924T094934Z.jsonl,2,2,frequency,2026-09-24T09:51:25.451+00:00,read,0.5,0.1,current_1e6,DC,2.0000000000000002e-07,0.30000000000000004,6.0,2.0,-9.86333e-08,0.0,9.86261e-08,179.994,0,A,False
frequency_20260924T094934Z.jsonl,3,0,frequency,2026-09-24T09:51:33.107+00:00,read,1.0,0.1,current_1e6,DC,2.0000000000000002e-07,0.30000000000000004,4.500000000000001,1.0,-9.86333e-08,0.0,9.86261e-08,179.994,0,A,False
frequency_20260924T094934Z.jsonl,3,1,frequency,2026-09-24T09:51:34.424+00:00,samples,1.0,0.1,current_1e6,DC,2.0000000000000002e-07,0.30000000000000004,4.500000000000001,1.0,-9.86333e-08,0.0,9.86261e-08,179.994,0,A,False
frequency_20260924T094934Z.jsonl,3,2,frequency,2026-09-24T09:51:35.630+00:00,read,1.0,0.1,current_1e6,DC,2.0000000000000002e-07,0.30000000000000004,4.500000000000001,1.0,-9.86333e-08,0.0,9.86261e-08,179.994,0,A,False
frequency_20260924T094934Z.jsonl,4,0,frequency,2026-09-24T09:51:43.100+00:00,read,2.0,0.1,current_1e6,DC,2.0000000000000002e-07,0.30000000000000004,4.500000000000001,0.9000000000000001,-9.86333e-08,0.0,9.86261e-08,179.994,0,A,False
frequency_20260924T094934Z.jsonl,4,1,frequency,2026-09-24T09:51:44.231+00:00,samples,2.0,0.1,current_1e6,DC,2.0000000000000002e-07,0.30000000000000004,4.500000000000001,0.9000000000000001,-9.86333e-08,0.0,9.86261e-08,179.994,0,A,False
frequency_20260924T094934Z.jsonl,4,2,frequency,2026-09-24T09:51:45.340+00:00,read,2.0,0.1,current_1e6,DC,2.0000000000000002e-07,0.30000000000000004,4.500000000000001,0.9000000000000001,-9.86333e-08,0.0,9.86261e-08,179.994,0,A,False
frequency_20260924T094934Z.jsonl,5,0,frequency,2026-09-24T09:51:49.323+00:00,read,5.0,0.1,current_1e6,DC,2.0000000000000002e-07,0.1,1.5,0.30000000000000004,-9.86333e-08,0.0,9.86261e-08,179.994,0,A,False
frequency_20260924T094934Z.jsonl,5,1,frequency,2026-09-24T09:51:49.884+00:00,samples,5.0,0.1,current_1e6,DC,2.0000000000000002e-07,0.1,1.5,0.30000000000000004,-9.86333e-08,0.0,9.86261e-08,179.994,0,A,False
frequency_20260924T094934Z.jsonl,5,2,frequency,2026-09-24T09:51:50.397+00:00,read,5.0,0.1,current_1e6,DC,2.0000000000000002e-07,0.1,1.5,0.30000000000000004,-9.86333e-08,0.0,9.86261e-08,179.994,0,A,False
frequency_20260924T094934Z.jsonl,6,0,frequency,2026-09-24T09:51:54.475+00:00,read,13.033,0.1,current_1e6,DC,2.0000000000000002e-07,0.1,1.5,0.30000000000000004,-9.86333e-08,7.27601e-12,9.86261e-08,179.994,0,A,False
frequency_20260924T094934Z.jsonl,6,1,frequency,2026-09-24T09:51:54.991+00:00,samples,13.033,0.1,current_1e6,DC,2.0000000000000002e-07,0.1,1.5,0.30000000000000004,-9.86333e-08,7.27601e-12,9.86261e-08,179.994,0,A,False
frequency_20260924T094934Z.jsonl,6,2,frequency,2026-09-24T09:51:55.495+00:00,read,13.033,0.1,current_1e6,DC,2.0000000000000002e-07,0.1,1.5,0.30000000000000004,-9.86333e-08,1.4552e-11,9.86261e-08,179.988,0,A,False
frequency_20260924T094934Z.jsonl,7,0,frequency,2026-09-24T09:51:59.540+00:00,read,31.0,0.1,current_1e6,DC,2.0000000000000002e-07,0.1,1.5,0.30000000000000004,-9.86333e-08,2.91041e-11,9.86261e-08,179.982,0,A,False
frequency_20260924T094934Z.jsonl,7,1,frequency,2026-09-24T09:52:00.062+00:00,samples,31.0,0.1,current_1e6,DC,2.0000000000000002e-07,0.1,1.5,0.30000000000000004,-9.86333e-08,2.91041e-11,9.86261e-08,179.982,0,A,False
frequency_20260924T094934Z.jsonl,7,2,frequency,2026-09-24T09:52:00.573+00:00,read,31.0,0.1,current_1e6,DC,2.0000000000000002e-07,0.1,1.5,0.30000000000000004,-9.86333e-08,2.91041e-11,9.86261e-08,179.982,0,A,False
frequency_20260924T094934Z.jsonl,8,0,frequency,2026-09-24T09:52:04.611+00:00,read,73.0,0.1,current_1e6,DC,2.0000000000000002e-07,0.1,1.5,0.30000000000000004,-9.86333e-08,6.54841e-11,9.86261e-08,179.964,0,A,False
frequency_20260924T094934Z.jsonl,8,1,frequency,2026-09-24T09:52:05.158+00:00,samples,73.0,0.1,current_1e6,DC,2.0000000000000002e-07,0.1,1.5,0.30000000000000004,-9.86333e-08,6.54841e-11,9.86261e-08,179.964,0,A,False
frequency_20260924T094934Z.jsonl,8,2,frequency,2026-09-24T09:52:05.675+00:00,read,73.0,0.1,current_1e6,DC,2.0000000000000002e-07,0.1,1.5,0.30000000000000004,-9.86333e-08,6.54841e-11,9.86261e-08,179.964,0,A,False
frequency_20260924T094934Z.jsonl,9,0,frequency,2026-09-24T09:52:09.722+00:00,read,173.0,0.1,current_1e6,DC,2.0000000000000002e-07,0.1,1.5,0.30000000000000004,-9.86333e-08,1.38244e-10,9.86261e-08,179.916,0,A,False
frequency_20260924T094934Z.jsonl,9,1,frequency,2026-09-24T09:52:10.233+00:00,samples,173.0,0.1,current_1e6,DC,2.0000000000000002e-07,0.1,1.5,0.30000000000000004,-9.86333e-08,1.38244e-10,9.86261e-08,179.916,0,A,False
frequency_20260924T094934Z.jsonl,9,2,frequency,2026-09-24T09:52:10.824+00:00,read,173.0,0.1,current_1e6,DC,2.0000000000000002e-07,0.1,1.5,0.30000000000000004,-9.86333e-08,1.38244e-10,9.86261e-08,179.916,0,A,False
frequency_20260924T094934Z.jsonl,10,0,frequency,2026-09-24T09:52:14.894+00:00,read,333.0,0.1,current_1e6,DC,2.0000000000000002e-07,0.1,1.5,0.30000000000000004,-9.86333e-08,2.83764e-10,9.86261e-08,179.832,0,A,False
frequency_20260924T094934Z.jsonl,10,1,frequency,2026-09-24T09:52:15.427+00:00,samples,333.0,0.1,current_1e6,DC,2.0000000000000002e-07,0.1,1.5,0.30000000000000004,-9.86333e-08,2.83764e-10,9.86261e-08,179.832,0,A,False
frequency_20260924T094934Z.jsonl,10,2,frequency,2026-09-24T09:52:15.933+00:00,read,333.0,0.1,current_1e6,DC,2.0000000000000002e-07,0.1,1.5,0.30000000000000004,-9.86333e-08,2.83764e-10,9.86261e-08,179.832,0,A,False
frequency_20260924T094934Z.jsonl,11,0,frequency,2026-09-24T09:52:19.981+00:00,read,733.0,0.1,current_1e6,DC,2.0000000000000002e-07,0.1,1.5,0.30000000000000004,-9.86552e-08,6.1846e-10,9.86479e-08,179.64,0,A,False
frequency_20260924T094934Z.jsonl,11,1,frequency,2026-09-24T09:52:20.493+00:00,samples,733.0,0.1,current_1e6,DC,2.0000000000000002e-07,0.1,1.5,0.30000000000000004,-9.86552e-08,6.1846e-10,9.86479e-08,179.64,0,A,False
frequency_20260924T094934Z.jsonl,11,2,frequency,2026-09-24T09:52:21.127+00:00,read,733.0,0.1,current_1e6,DC,2.0000000000000002e-07,0.1,1.5,0.30000000000000004,-9.86552e-08,6.1846e-10,9.86479e-08,179.64,0,A,False
frequency_20260924T094934Z.jsonl,12,0,frequency,2026-09-24T09:52:25.124+00:00,read,1033.0,0.1,current_1e6,DC,2.0000000000000002e-07,0.1,1.5,0.30000000000000004,-9.86843e-08,8.73118e-10,9.8677e-08,179.496,0,A,False
frequency_20260924T094934Z.jsonl,12,1,frequency,2026-09-24T09:52:25.637+00:00,samples,1033.0,0.1,current_1e6,DC,2.0000000000000002e-07,0.1,1.5,0.30000000000000004,-9.86843e-08,8.73118e-10,9.8677e-08,179.496,0,A,False
frequency_20260924T094934Z.jsonl,12,2,frequency,2026-09-24T09:52:26.183+00:00,read,1033.0,0.1,current_1e6,DC,2.0000000000000002e-07,0.1,1.5,0.30000000000000004,-9.86843e-08,8.73118e-10,9.8677e-08,179.496,0,A,False
frequency_20260924T094934Z.jsonl,13,0,frequency,2026-09-24T09:52:30.216+00:00,read,1733.0,0.1,current_1e6,DC,2.0000000000000002e-07,0.1,1.5,0.30000000000000004,-9.87861e-08,1.46247e-09,9.87934e-08,179.148,0,A,False
frequency_20260924T094934Z.jsonl,13,1,frequency,2026-09-24T09:52:30.754+00:00,samples,1733.0,0.1,current_1e6,DC,2.0000000000000002e-07,0.1,1.5,0.30000000000000004,-9.87861e-08,1.46247e-09,9.87934e-08,179.148,0,A,False
frequency_20260924T094934Z.jsonl,13,2,frequency,2026-09-24T09:52:31.313+00:00,read,1733.0,0.1,current_1e6,DC,2.0000000000000002e-07,0.1,1.5,0.30000000000000004,-9.87861e-08,1.46247e-09,9.87934e-08,179.148,0,A,False
frequency_20260924T094934Z.jsonl,14,0,frequency,2026-09-24T09:52:35.324+00:00,read,3333.0,0.1,current_1e6,DC,2.0000000000000002e-07,0.1,1.5,0.30000000000000004,-9.92009e-08,2.85219e-09,9.923e-08,178.35,0,A,False
frequency_20260924T094934Z.jsonl,14,1,frequency,2026-09-24T09:52:35.825+00:00,samples,3333.0,0.1,current_1e6,DC,2.0000000000000002e-07,0.1,1.5,0.30000000000000004,-9.92009e-08,2.85219e-09,9.923e-08,178.35,0,A,False
frequency_20260924T094934Z.jsonl,14,2,frequency,2026-09-24T09:52:36.357+00:00,read,3333.0,0.1,current_1e6,DC,2.0000000000000002e-07,0.1,1.5,0.30000000000000004,-9.92009e-08,2.85219e-09,9.923e-08,178.35,0,A,False
frequency_20260924T094934Z.jsonl,15,0,frequency,2026-09-24T09:52:40.508+00:00,read,7333.0,0.1,current_1e6,DC,2.0000000000000002e-07,0.1,1.5,0.30000000000000004,-1.01442e-07,6.62843e-09,1.01646e-07,176.256,0,A,False
frequency_20260924T094934Z.jsonl,15,1,frequency,2026-09-24T09:52:41.015+00:00,samples,7333.0,0.1,current_1e6,DC,2.0000000000000002e-07,0.1,1.5,0.30000000000000004,-1.01435e-07,6.62843e-09,1.01638e-07,176.256,0,A,False
frequency_20260924T094934Z.jsonl,15,2,frequency,2026-09-24T09:52:41.529+00:00,read,7333.0,0.1,current_1e6,DC,2.0000000000000002e-07,0.1,1.5,0.30000000000000004,-1.01442e-07,6.62843e-09,1.01646e-07,176.256,0,A,False
frequency_20260924T094934Z.jsonl,16,0,frequency,2026-09-24T09:52:45.607+00:00,read,10330.0,0.1,current_1e6,DC,2.0000000000000002e-07,0.1,1.5,0.30000000000000004,-1.04651e-07,9.65525e-09,1.05094e-07,174.726,0,A,False
frequency_20260924T094934Z.jsonl,16,1,frequency,2026-09-24T09:52:46.113+00:00,samples,10330.0,0.1,current_1e6,DC,2.0000000000000002e-07,0.1,1.5,0.30000000000000004,-1.04651e-07,9.66253e-09,1.05094e-07,174.72,0,A,False
frequency_20260924T094934Z.jsonl,16,2,frequency,2026-09-24T09:52:46.622+00:00,read,10330.0,0.1,current_1e6,DC,2.0000000000000002e-07,0.1,1.5,0.30000000000000004,-1.04651e-07,9.65525e-09,1.05094e-07,174.726,0,A,False
frequency_20260924T094934Z.jsonl,17,0,frequency,2026-09-24T09:52:50.776+00:00,read,17330.0,0.1,current_1e6,DC,2.0000000000000002e-07,0.1,1.5,0.30000000000000004,-1.16787e-07,2.14642e-08,1.1873e-07,169.584,0,A,False
frequency_20260924T094934Z.jsonl,17,1,frequency,2026-09-24T09:52:51.321+00:00,samples,17330.0,0.1,current_1e6,DC,2.0000000000000002e-07,0.1,1.5,0.30000000000000004,-1.16787e-07,2.14569e-08,1.1873e-07,169.59,0,A,False
frequency_20260924T094934Z.jsonl,17,2,frequency,2026-09-24T09:52:51.972+00:00,read,17330.0,0.1,current_1e6,DC,2.0000000000000002e-07,0.1,1.5,0.30000000000000004,-1.16787e-07,2.14569e-08,1.1873e-07,169.59,0,A,False
frequency_20260924T094934Z.jsonl,18,0,frequency,2026-09-24T09:52:56.051+00:00,read,23330.0,0.1,current_1e6,DC,2.0000000000000002e-07,0.1,1.5,0.30000000000000004,-1.3481e-07,4.13786e-08,1.41009e-07,162.936,0,A,False
frequency_20260924T094934Z.jsonl,18,1,frequency,2026-09-24T09:52:56.572+00:00,samples,23330.0,0.1,current_1e6,DC,2.0000000000000002e-07,0.1,1.5,0.30000000000000004,-1.34817e-07,4.13859e-08,1.41024e-07,162.93,0,A,False
frequency_20260924T094934Z.jsonl,18,2,frequency,2026-09-24T09:52:57.074+00:00,read,23330.0,0.1,current_1e6,DC,2.0000000000000002e-07,0.1,1.5,0.30000000000000004,-1.34817e-07,4.13786e-08,1.41016e-07,162.936,0,A,False
frequency_20260924T094934Z.jsonl,19,0,frequency,2026-09-24T09:53:01.162+00:00,read,33330.0,0.1,current_1e6,DC,2.0000000000000002e-07,0.1,1.5,0.30000000000000004,-1.62233e-07,1.51814e-07,2.1844e-07,136.902,0,A,True
frequency_20260924T094934Z.jsonl,19,1,frequency,2026-09-24T09:53:01.678+00:00,samples,33330.0,0.1,current_1e6,DC,2.0000000000000002e-07,0.1,1.5,0.30000000000000004,-1.62233e-07,1.51814e-07,2.1844e-07,136.902,0,A,True
frequency_20260924T094934Z.jsonl,19,2,frequency,2026-09-24T09:53:02.193+00:00,read,33330.0,0.1,current_1e6,DC,2.0000000000000002e-07,0.1,1.5,0.30000000000000004,-1.62233e-07,1.51821e-07,2.1844e-07,136.896,0,A,True
frequency_20260924T094934Z.jsonl,20,0,frequency,2026-09-24T09:53:06.290+00:00,read,43330.0,0.1,current_1e6,DC,2.0000000000000002e-07,0.1,1.5,0.30000000000000004,7.34149e-08,2.1446e-07,2.1844e-07,71.1,0,A,True
frequency_20260924T094934Z.jsonl,20,1,frequency,2026-09-24T09:53:06.767+00:00,samples,43330.0,0.1,current_1e6,DC,2.0000000000000002e-07,0.1,1.5,0.30000000000000004,7.34221e-08,2.14452e-07,2.1844e-07,71.1,0,A,True
frequency_20260924T094934Z.jsonl,20,2,frequency,2026-09-24T09:53:07.272+00:00,read,43330.0,0.1,current_1e6,DC,2.0000000000000002e-07,0.1,1.5,0.30000000000000004,7.34076e-08,2.14452e-07,2.1844e-07,71.106,0,A,True
frequency_20260924T094934Z.jsonl,21,0,frequency,2026-09-24T09:53:11.315+00:00,read,53330.0,0.1,current_1e6,DC,2.0000000000000002e-07,0.1,1.5,0.30000000000000004,8.83742e-08,6.47856e-08,1.09576e-07,36.246,0,A,False
frequency_20260924T094934Z.jsonl,21,1,frequency,2026-09-24T09:53:11.813+00:00,samples,53330.0,0.1,current_1e6,DC,2.0000000000000002e-07,0.1,1.5,0.30000000000000004,8.8367e-08,6.47929e-08,1.09576e-07,36.252,0,A,False
frequency_20260924T094934Z.jsonl,21,2,frequency,2026-09-24T09:53:12.373+00:00,read,53330.0,0.1,current_1e6,DC,2.0000000000000002e-07,0.1,1.5,0.30000000000000004,8.8367e-08,6.47856e-08,1.09576e-07,36.246,0,A,False
frequency_20260924T094934Z.jsonl,22,0,frequency,2026-09-24T09:53:16.439+00:00,read,63330.0,0.1,current_1e6,DC,2.0000000000000002e-07,0.1,1.5,0.30000000000000004,5.66145e-08,2.64555e-08,6.24937e-08,25.05,0,A,False
frequency_20260924T094934Z.jsonl,22,1,frequency,2026-09-24T09:53:16.962+00:00,samples,63330.0,0.1,current_1e6,DC,2.0000000000000002e-07,0.1,1.5,0.30000000000000004,5.66072e-08,2.64482e-08,6.24791e-08,25.044,0,A,False
frequency_20260924T094934Z.jsonl,22,2,frequency,2026-09-24T09:53:17.471+00:00,read,63330.0,0.1,current_1e6,DC,2.0000000000000002e-07,0.1,1.5,0.30000000000000004,5.65999e-08,2.647e-08,6.24864e-08,25.062,0,A,False
frequency_20260924T094934Z.jsonl,23,0,frequency,2026-09-24T09:53:21.554+00:00,read,70000.0,0.1,current_1e6,DC,2.0000000000000002e-07,0.1,1.5,0.30000000000000004,4.35759e-08,1.70477e-08,4.67919e-08,21.372,0,A,False
frequency_20260924T094934Z.jsonl,23,1,frequency,2026-09-24T09:53:22.284+00:00,samples,70000.0,0.1,current_1e6,DC,2.0000000000000002e-07,0.1,1.5,0.30000000000000004,4.35759e-08,1.70477e-08,4.67919e-08,21.372,0,A,False
frequency_20260924T094934Z.jsonl,23,2,frequency,2026-09-24T09:53:22.890+00:00,read,70000.0,0.1,current_1e6,DC,2.0000000000000002e-07,0.1,1.5,0.30000000000000004,4.35832e-08,1.70477e-08,4.67992e-08,21.366,0,A,False
frequency_20260924T094934Z.jsonl,24,0,frequency,2026-09-24T09:53:27.105+00:00,read,80000.0,0.1,current_1e6,DC,2.0000000000000002e-07,0.1,1.5,0.30000000000000004,3.12723e-08,1.01282e-08,3.28657e-08,17.952,0,A,False
frequency_20260924T094934Z.jsonl,24,1,frequency,2026-09-24T09:53:27.619+00:00,samples,80000.0,0.1,current_1e6,DC,2.0000000000000002e-07,0.1,1.5,0.30000000000000004,3.12723e-08,1.015e-08,3.2873e-08,17.988,0,A,False
frequency_20260924T094934Z.jsonl,24,2,frequency,2026-09-24T09:53:28.133+00:00,read,80000.0,0.1,current_1e6,DC,2.0000000000000002e-07,0.1,1.5,0.30000000000000004,3.12505e-08,1.01282e-08,3.28512e-08,17.964,0,A,False
frequency_20260924T094934Z.jsonl,25,0,frequency,2026-09-24T09:53:32.271+00:00,read,90000.0,0.1,current_1e6,DC,2.0000000000000002e-07,0.1,1.5,0.30000000000000004,2.36179e-08,6.57749e-09,2.45128e-08,15.564,0,A,False
frequency_20260924T094934Z.jsonl,25,1,frequency,2026-09-24T09:53:32.860+00:00,samples,90000.0,0.1,current_1e6,DC,2.0000000000000002e-07,0.1,1.5,0.30000000000000004,2.36106e-08,6.57749e-09,2.45055e-08,15.57,0,A,False
frequency_20260924T094934Z.jsonl,25,2,frequency,2026-09-24T09:53:33.358+00:00,read,90000.0,0.1,current_1e6,DC,2.0000000000000002e-07,0.1,1.5,0.30000000000000004,2.3596e-08,6.59205e-09,2.45055e-08,15.606,0,A,False
frequency_20260924T094934Z.jsonl,26,0,frequency,2026-09-24T09:53:37.439+00:00,read,102000.0,0.1,current_1e6,DC,2.0000000000000002e-07,0.1,1.5,0.30000000000000004,1.76516e-08,4.26374e-09,1.81536e-08,13.59,0,A,False
frequency_20260924T094934Z.jsonl,26,1,frequency,2026-09-24T09:53:37.958+00:00,samples,102000.0,0.1,current_1e6,DC,2.0000000000000002e-07,0.1,1.5,0.30000000000000004,1.76516e-08,4.27102e-09,1.81536e-08,13.608,0,A,False
frequency_20260924T094934Z.jsonl,26,2,frequency,2026-09-24T09:53:38.491+00:00,read,102000.0,0.1,current_1e6,DC,2.0000000000000002e-07,0.1,1.5,0.30000000000000004,1.76443e-08,4.27102e-09,1.81536e-08,13.614,0,A,False
frequency_refine_20260924T095456Z.jsonl,0,0,frequency,2026-09-24T09:55:01.364+00:00,read,25000.0,0.1,current_1e6,DC,1e-06,0.1,1.5,0.30000000000000004,-1.41271e-07,5.03499e-08,1.49886e-07,160.374,0,A,False
frequency_refine_20260924T095456Z.jsonl,0,1,frequency,2026-09-24T09:55:01.889+00:00,samples,25000.0,0.1,current_1e6,DC,1e-06,0.1,1.5,0.30000000000000004,-1.41271e-07,5.03499e-08,1.49886e-07,160.374,0,A,False
frequency_refine_20260924T095456Z.jsonl,0,2,frequency,2026-09-24T09:55:02.380+00:00,read,25000.0,0.1,current_1e6,DC,1e-06,0.1,1.5,0.30000000000000004,-1.41271e-07,5.03499e-08,1.49886e-07,160.374,0,A,False
frequency_refine_20260924T095456Z.jsonl,1,0,frequency,2026-09-24T09:55:06.511+00:00,read,28000.0,0.1,current_1e6,DC,1e-06,0.1,1.5,0.30000000000000004,-1.53553e-07,7.33421e-08,1.70142e-07,154.458,0,A,False
frequency_refine_20260924T095456Z.jsonl,1,1,frequency,2026-09-24T09:55:07.188+00:00,samples,28000.0,0.1,current_1e6,DC,1e-06,0.1,1.5,0.30000000000000004,-1.53611e-07,7.32839e-08,1.70142e-07,154.476,0,A,False
frequency_refine_20260924T095456Z.jsonl,1,2,frequency,2026-09-24T09:55:08.024+00:00,read,28000.0,0.1,current_1e6,DC,1e-06,0.1,1.5,0.30000000000000004,-1.53611e-07,7.32839e-08,1.70142e-07,154.476,0,A,False
frequency_refine_20260924T095456Z.jsonl,2,0,frequency,2026-09-24T09:55:12.305+00:00,read,30000.0,0.1,current_1e6,DC,1e-06,0.1,1.5,0.30000000000000004,-1.60887e-07,9.56938e-08,1.87139e-07,149.25,0,A,False
frequency_refine_20260924T095456Z.jsonl,2,1,frequency,2026-09-24T09:55:12.887+00:00,samples,30000.0,0.1,current_1e6,DC,1e-06,0.1,1.5,0.30000000000000004,-1.60945e-07,9.58103e-08,1.87255e-07,149.22,0,A,False
frequency_refine_20260924T095456Z.jsonl,2,2,frequency,2026-09-24T09:55:13.462+00:00,read,30000.0,0.1,current_1e6,DC,1e-06,0.1,1.5,0.30000000000000004,-1.6077e-07,9.58103e-08,1.87139e-07,149.202,0,A,False
frequency_refine_20260924T095456Z.jsonl,3,0,frequency,2026-09-24T09:55:17.596+00:00,read,33330.0,0.1,current_1e6,DC,1e-06,0.1,1.5,0.30000000000000004,-1.62226e-07,1.51457e-07,2.21947e-07,136.962,0,A,False
frequency_refine_20260924T095456Z.jsonl,3,1,frequency,2026-09-24T09:55:18.093+00:00,samples,33330.0,0.1,current_1e6,DC,1e-06,0.1,1.5,0.30000000000000004,-1.62226e-07,1.51457e-07,2.21889e-07,136.95,0,A,False
frequency_refine_20260924T095456Z.jsonl,3,2,frequency,2026-09-24T09:55:18.614+00:00,read,33330.0,0.1,current_1e6,DC,1e-06,0.1,1.5,0.30000000000000004,-1.62226e-07,1.51457e-07,2.21947e-07,136.962,0,A,False
frequency_refine_20260924T095456Z.jsonl,4,0,frequency,2026-09-24T09:55:22.606+00:00,read,36000.0,0.1,current_1e6,DC,1e-06,0.1,1.5,0.30000000000000004,-1.35392e-07,2.11004e-07,2.50702e-07,122.676,0,A,False
frequency_refine_20260924T095456Z.jsonl,4,1,frequency,2026-09-24T09:55:23.175+00:00,samples,36000.0,0.1,current_1e6,DC,1e-06,0.1,1.5,0.30000000000000004,-1.35392e-07,2.11004e-07,2.50702e-07,122.676,0,A,False
frequency_refine_20260924T095456Z.jsonl,4,2,frequency,2026-09-24T09:55:23.680+00:00,read,36000.0,0.1,current_1e6,DC,1e-06,0.1,1.5,0.30000000000000004,-1.35334e-07,2.10945e-07,2.50644e-07,122.676,0,A,False
frequency_refine_20260924T095456Z.jsonl,5,0,frequency,2026-09-24T09:55:27.664+00:00,read,38000.0,0.1,current_1e6,DC,1e-06,0.1,1.5,0.30000000000000004,-8.69627e-08,2.49538e-07,2.64206e-07,109.206,0,A,False
frequency_refine_20260924T095456Z.jsonl,5,1,frequency,2026-09-24T09:55:28.197+00:00,samples,38000.0,0.1,current_1e6,DC,1e-06,0.1,1.5,0.30000000000000004,-8.69627e-08,2.49538e-07,2.64206e-07,109.206,0,A,False
frequency_refine_20260924T095456Z.jsonl,5,2,frequency,2026-09-24T09:55:28.697+00:00,read,38000.0,0.1,current_1e6,DC,1e-06,0.1,1.5,0.30000000000000004,-8.69627e-08,2.4948e-07,2.64206e-07,109.206,0,A,False
frequency_refine_20260924T095456Z.jsonl,6,0,frequency,2026-09-24T09:55:32.769+00:00,read,40000.0,0.1,current_1e6,DC,1e-06,0.1,1.5,0.30000000000000004,-1.98489e-08,2.61995e-07,2.62751e-07,94.32,0,A,False
frequency_refine_20260924T095456Z.jsonl,6,1,frequency,2026-09-24T09:55:33.288+00:00,samples,40000.0,0.1,current_1e6,DC,1e-06,0.1,1.5,0.30000000000000004,-1.98489e-08,2.61995e-07,2.62751e-07,94.32,0,A,False
frequency_refine_20260924T095456Z.jsonl,6,2,frequency,2026-09-24T09:55:33.819+00:00,read,40000.0,0.1,current_1e6,DC,1e-06,0.1,1.5,0.30000000000000004,-1.98489e-08,2.61936e-07,2.62693e-07,94.32,0,A,False
frequency_refine_20260924T095456Z.jsonl,7,0,frequency,2026-09-24T09:55:37.901+00:00,read,42000.0,0.1,current_1e6,DC,1e-06,0.1,1.5,0.30000000000000004,4.30739e-08,2.40982e-07,2.44823e-07,79.854,0,A,False
frequency_refine_20260924T095456Z.jsonl,7,1,frequency,2026-09-24T09:55:38.521+00:00,samples,42000.0,0.1,current_1e6,DC,1e-06,0.1,1.5,0.30000000000000004,4.30739e-08,2.40982e-07,2.44823e-07,79.854,0,A,False
frequency_refine_20260924T095456Z.jsonl,7,2,frequency,2026-09-24T09:55:39.123+00:00,read,42000.0,0.1,current_1e6,DC,1e-06,0.1,1.5,0.30000000000000004,4.30739e-08,2.40982e-07,2.44823e-07,79.854,0,A,False
frequency_refine_20260924T095456Z.jsonl,8,0,frequency,2026-09-24T09:55:43.562+00:00,read,43330.0,0.1,current_1e6,DC,1e-06,0.1,1.5,0.30000000000000004,7.29347e-08,2.14904e-07,2.26953e-07,71.25,0,A,False
frequency_refine_20260924T095456Z.jsonl,8,1,frequency,2026-09-24T09:55:44.144+00:00,samples,43330.0,0.1,current_1e6,DC,1e-06,0.1,1.5,0.30000000000000004,7.29347e-08,2.14845e-07,2.26894e-07,71.244,0,A,False
frequency_refine_20260924T095456Z.jsonl,8,2,frequency,2026-09-24T09:55:44.680+00:00,read,43330.0,0.1,current_1e6,DC,1e-06,0.1,1.5,0.30000000000000004,7.29347e-08,2.14904e-07,2.26953e-07,71.25,0,A,False
frequency_refine_20260924T095456Z.jsonl,9,0,frequency,2026-09-24T09:55:48.906+00:00,read,46000.0,0.1,current_1e6,DC,1e-06,0.1,1.5,0.30000000000000004,1.0134e-07,1.57918e-07,1.87604e-07,57.306,0,A,False
frequency_refine_20260924T095456Z.jsonl,9,1,frequency,2026-09-24T09:55:49.471+00:00,samples,46000.0,0.1,current_1e6,DC,1e-06,0.1,1.5,0.30000000000000004,1.0134e-07,1.57918e-07,1.87604e-07,57.306,0,A,False
frequency_refine_20260924T095456Z.jsonl,9,2,frequency,2026-09-24T09:55:50.081+00:00,read,46000.0,0.1,current_1e6,DC,1e-06,0.1,1.5,0.30000000000000004,1.0134e-07,1.57918e-07,1.87604e-07,57.306,0,A,False
frequency_refine_20260924T095456Z.jsonl,10,0,frequency,2026-09-24T09:55:54.121+00:00,read,49000.0,0.1,current_1e6,DC,1e-06,0.1,1.5,0.30000000000000004,1.03028e-07,1.07976e-07,1.49245e-07,46.338,0,A,False
frequency_refine_20260924T095456Z.jsonl,10,1,frequency,2026-09-24T09:55:54.618+00:00,samples,49000.0,0.1,current_1e6,DC,1e-06,0.1,1.5,0.30000000000000004,1.03028e-07,1.07976e-07,1.49245e-07,46.338,0,A,False
frequency_refine_20260924T095456Z.jsonl,10,2,frequency,2026-09-24T09:55:55.161+00:00,read,49000.0,0.1,current_1e6,DC,1e-06,0.1,1.5,0.30000000000000004,1.03028e-07,1.07976e-07,1.49245e-07,46.338,0,A,False
frequency_refine_20260924T095456Z.jsonl,11,0,frequency,2026-09-24T09:55:59.276+00:00,read,57000.0,0.1,current_1e6,DC,1e-06,0.1,1.5,0.30000000000000004,7.49719e-08,4.48783e-08,8.74284e-08,30.9,0,A,False
frequency_refine_20260924T095456Z.jsonl,11,1,frequency,2026-09-24T09:55:59.793+00:00,samples,57000.0,0.1,current_1e6,DC,1e-06,0.1,1.5,0.30000000000000004,7.49719e-08,4.48783e-08,8.74284e-08,30.9,0,A,False
frequency_refine_20260924T095456Z.jsonl,11,2,frequency,2026-09-24T09:56:00.318+00:00,read,57000.0,0.1,current_1e6,DC,1e-06,0.1,1.5,0.30000000000000004,7.49719e-08,4.48783e-08,8.74284e-08,30.9,0,A,False
frequency_refine_20260924T095456Z.jsonl,12,0,frequency,2026-09-24T09:56:06.002+00:00,read,60000.0,0.1,current_1e6,DC,1e-06,0.1,1.5,0.30000000000000004,6.54841e-08,3.4401e-08,7.39824e-08,27.72,0,A,False
frequency_refine_20260924T095456Z.jsonl,12,1,frequency,2026-09-24T09:56:07.538+00:00,samples,60000.0,0.1,current_1e6,DC,1e-06,0.1,1.5,0.30000000000000004,6.54841e-08,3.44592e-08,7.39824e-08,27.744,0,A,False
frequency_refine_20260924T095456Z.jsonl,12,2,frequency,2026-09-24T09:56:08.347+00:00,read,60000.0,0.1,current_1e6,DC,1e-06,0.1,1.5,0.30000000000000004,6.54841e-08,3.44592e-08,7.39824e-08,27.756,0,A,False
high_gain_20260924T100005Z.jsonl,0,0,high_gain,2026-09-24T10:00:11.826+00:00,read,13.033,0.004,current_1e8,DC,1e-08,0.1,1.5,0.30000000000000004,-3.87084e-09,6.68483e-11,3.87129e-09,179.01,0,A,False
high_gain_20260924T100005Z.jsonl,0,1,high_gain,2026-09-24T10:00:12.305+00:00,samples,13.033,0.004,current_1e8,DC,1e-08,0.1,1.5,0.30000000000000004,-3.8722e-09,6.73031e-11,3.87266e-09,178.998,0,A,False
high_gain_20260924T100005Z.jsonl,0,2,high_gain,2026-09-24T10:00:12.789+00:00,read,13.033,0.004,current_1e8,DC,1e-08,0.1,1.5,0.30000000000000004,-3.8722e-09,6.59388e-11,3.87266e-09,179.016,0,A,False
high_gain_20260924T100005Z.jsonl,1,0,high_gain,2026-09-24T10:00:18.036+00:00,read,73.0,0.004,current_1e8,DC,1e-08,0.1,1.5,0.30000000000000004,-3.8381e-09,3.76533e-10,3.85583e-09,174.39,0,A,False
high_gain_20260924T100005Z.jsonl,1,1,high_gain,2026-09-24T10:00:18.947+00:00,samples,73.0,0.004,current_1e8,DC,1e-08,0.1,1.5,0.30000000000000004,-3.8381e-09,3.76533e-10,3.85583e-09,174.396,0,A,False
high_gain_20260924T100005Z.jsonl,1,2,high_gain,2026-09-24T10:00:19.687+00:00,read,73.0,0.004,current_1e8,DC,1e-08,0.1,1.5,0.30000000000000004,-3.8381e-09,3.76078e-10,3.85583e-09,174.402,0,A,False
high_gain_20260924T100005Z.jsonl,2,0,high_gain,2026-09-24T10:00:23.881+00:00,read,173.0,0.004,current_1e8,DC,1e-08,0.1,1.5,0.30000000000000004,-3.67938e-09,8.5311e-10,3.77671e-09,166.944,0,A,False
high_gain_20260924T100005Z.jsonl,2,1,high_gain,2026-09-24T10:00:24.474+00:00,samples,173.0,0.004,current_1e8,DC,1e-08,0.1,1.5,0.30000000000000004,-3.67892e-09,8.5311e-10,3.77625e-09,166.944,0,A,False
high_gain_20260924T100005Z.jsonl,2,2,high_gain,2026-09-24T10:00:25.027+00:00,read,173.0,0.004,current_1e8,DC,1e-08,0.1,1.5,0.30000000000000004,-3.67938e-09,8.52655e-10,3.77671e-09,166.95,0,A,False
high_gain_20260924T100005Z.jsonl,3,0,high_gain,2026-09-24T10:00:29.293+00:00,read,333.0,0.004,current_1e8,DC,1e-08,0.1,1.5,0.30000000000000004,-3.24236e-09,1.44929e-09,3.55114e-09,155.91,0,A,False
high_gain_20260924T100005Z.jsonl,3,1,high_gain,2026-09-24T10:00:29.896+00:00,samples,333.0,0.004,current_1e8,DC,1e-08,0.1,1.5,0.30000000000000004,-3.24236e-09,1.44929e-09,3.55114e-09,155.91,0,A,False
high_gain_20260924T100005Z.jsonl,3,2,high_gain,2026-09-24T10:00:30.482+00:00,read,333.0,0.004,current_1e8,DC,1e-08,0.1,1.5,0.30000000000000004,-3.24282e-09,1.44929e-09,3.55159e-09,155.91,0,A,False
high_gain_20260924T100005Z.jsonl,4,0,high_gain,2026-09-24T10:00:34.496+00:00,read,533.0,0.004,current_1e8,DC,1e-08,0.1,1.5,0.30000000000000004,-2.58298e-09,1.86083e-09,3.18279e-09,144.228,0,A,False
high_gain_20260924T100005Z.jsonl,4,1,high_gain,2026-09-24T10:00:35.010+00:00,samples,533.0,0.004,current_1e8,DC,1e-08,0.1,1.5,0.30000000000000004,-2.58298e-09,1.86038e-09,3.18279e-09,144.228,0,A,False
high_gain_20260924T100005Z.jsonl,4,2,high_gain,2026-09-24T10:00:35.505+00:00,read,533.0,0.004,current_1e8,DC,1e-08,0.1,1.5,0.30000000000000004,-2.58252e-09,1.86083e-09,3.18279e-09,144.222,0,A,False
high_gain_20260924T100005Z.jsonl,5,0,high_gain,2026-09-24T10:00:39.474+00:00,read,700.0,0.004,current_1e8,DC,1e-08,0.1,1.5,0.30000000000000004,-2.0723e-09,1.97998e-09,2.86583e-09,136.302,0,A,False
high_gain_20260924T100005Z.jsonl,5,1,high_gain,2026-09-24T10:00:39.977+00:00,samples,700.0,0.004,current_1e8,DC,1e-08,0.1,1.5,0.30000000000000004,-2.07275e-09,1.98089e-09,2.86674e-09,136.296,0,A,False
high_gain_20260924T100005Z.jsonl,5,2,high_gain,2026-09-24T10:00:40.494+00:00,read,700.0,0.004,current_1e8,DC,1e-08,0.1,1.5,0.30000000000000004,-2.07275e-09,1.98044e-09,2.86674e-09,136.302,0,A,False
high_gain_20260924T100005Z.jsonl,6,0,high_gain,2026-09-24T10:00:44.496+00:00,read,933.0,0.004,current_1e8,DC,1e-08,0.1,1.5,0.30000000000000004,-1.50659e-09,1.95588e-09,2.46884e-09,127.596,0,A,False
high_gain_20260924T100005Z.jsonl,6,1,high_gain,2026-09-24T10:00:45.011+00:00,samples,933.0,0.004,current_1e8,DC,1e-08,0.1,1.5,0.30000000000000004,-1.50659e-09,1.95588e-09,2.46838e-09,127.602,0,A,False
high_gain_20260924T100005Z.jsonl,6,2,high_gain,2026-09-24T10:00:45.508+00:00,read,933.0,0.004,current_1e8,DC,1e-08,0.1,1.5,0.30000000000000004,-1.50659e-09,1.95588e-09,2.46838e-09,127.602,0,A,False
high_gain_20260924T100005Z.jsonl,7,0,high_gain,2026-09-24T10:00:49.535+00:00,read,1333.0,0.004,current_1e8,DC,1e-08,0.1,1.5,0.30000000000000004,-8.86306e-10,1.7285e-09,1.94224e-09,117.132,0,A,False
high_gain_20260924T100005Z.jsonl,7,1,high_gain,2026-09-24T10:00:50.086+00:00,samples,1333.0,0.004,current_1e8,DC,1e-08,0.1,1.5,0.30000000000000004,-8.86306e-10,1.7285e-09,1.94224e-09,117.132,0,A,False
high_gain_20260924T100005Z.jsonl,7,2,high_gain,2026-09-24T10:00:50.817+00:00,read,1333.0,0.004,current_1e8,DC,1e-08,0.1,1.5,0.30000000000000004,-8.86306e-10,1.7285e-09,1.94224e-09,117.132,0,A,False
high_gain_20260924T100005Z.jsonl,8,0,high_gain,2026-09-24T10:00:55.730+00:00,read,2333.0,0.004,current_1e8,DC,1e-08,0.1,1.5,0.30000000000000004,-2.72395e-10,1.18553e-09,1.21691e-09,102.93,0,A,False
high_gain_20260924T100005Z.jsonl,8,1,high_gain,2026-09-24T10:00:56.281+00:00,samples,2333.0,0.004,current_1e8,DC,1e-08,0.1,1.5,0.30000000000000004,-2.72395e-10,1.18553e-09,1.21691e-09,102.93,0,A,False
high_gain_20260924T100005Z.jsonl,8,2,high_gain,2026-09-24T10:00:56.932+00:00,read,2333.0,0.004,current_1e8,DC,1e-08,0.1,1.5,0.30000000000000004,-2.72395e-10,1.18553e-09,1.21691e-09,102.93,0,A,False
high_gain_20260924T100005Z.jsonl,9,0,high_gain,2026-09-24T10:01:01.091+00:00,read,3333.0,0.004,current_1e8,DC,1e-08,0.1,1.5,0.30000000000000004,-7.95812e-11,8.66752e-10,8.7039e-10,95.232,0,A,False
high_gain_20260924T100005Z.jsonl,9,1,high_gain,2026-09-24T10:01:01.630+00:00,samples,3333.0,0.004,current_1e8,DC,1e-08,0.1,1.5,0.30000000000000004,-7.95812e-11,8.66752e-10,8.7039e-10,95.232,0,A,False
high_gain_20260924T100005Z.jsonl,9,2,high_gain,2026-09-24T10:01:02.196+00:00,read,3333.0,0.004,current_1e8,DC,1e-08,0.1,1.5,0.30000000000000004,-7.95812e-11,8.66752e-10,8.7039e-10,95.232,0,A,False
high_gain_20260924T100005Z.jsonl,10,0,high_gain,2026-09-24T10:01:06.355+00:00,read,7333.0,0.004,current_1e8,DC,1e-08,0.1,1.5,0.30000000000000004,7.41243e-11,3.81535e-10,3.88811e-10,78.978,0,A,False
high_gain_20260924T100005Z.jsonl,10,1,high_gain,2026-09-24T10:01:06.874+00:00,samples,7333.0,0.004,current_1e8,DC,1e-08,0.1,1.5,0.30000000000000004,7.41243e-11,3.8108e-10,3.88356e-10,78.972,0,A,False
high_gain_20260924T100005Z.jsonl,10,2,high_gain,2026-09-24T10:01:07.411+00:00,read,7333.0,0.004,current_1e8,DC,1e-08,0.1,1.5,0.30000000000000004,7.41243e-11,3.81535e-10,3.88811e-10,78.978,0,A,False
high_gain_20260924T100005Z.jsonl,11,0,high_gain,2026-09-24T10:01:11.595+00:00,read,10330.0,0.004,current_1e8,DC,1e-08,0.1,1.5,0.30000000000000004,9.04952e-11,2.55115e-10,2.70576e-10,70.452,0,A,False
high_gain_20260924T100005Z.jsonl,11,1,high_gain,2026-09-24T10:01:12.091+00:00,samples,10330.0,0.004,current_1e8,DC,1e-08,0.1,1.5,0.30000000000000004,9.09499e-11,2.5466e-10,2.70576e-10,70.362,0,A,False
high_gain_20260924T100005Z.jsonl,11,2,high_gain,2026-09-24T10:01:12.589+00:00,read,10330.0,0.004,current_1e8,DC,1e-08,0.1,1.5,0.30000000000000004,9.00404e-11,2.55115e-10,2.70576e-10,70.518,0,A,False
map_20260924T100133Z.jsonl,0,0,map,2026-09-24T10:02:02.758+00:00,read,0.2,0.004,current_1e6,DC,1e-08,0.30000000000000004,15.0,5.0,-3.95588e-09,-1.36425e-12,3.95542e-09,-179.988,0,A,False
map_20260924T100133Z.jsonl,0,1,map,2026-09-24T10:02:08.012+00:00,samples,0.2,0.004,current_1e6,DC,1e-08,0.30000000000000004,15.0,5.0,-3.95769e-09,4.54751e-13,3.95724e-09,179.988,0,A,False
map_20260924T100133Z.jsonl,0,2,map,2026-09-24T10:02:13.236+00:00,read,0.2,0.004,current_1e6,DC,1e-08,0.30000000000000004,15.0,5.0,-3.9586e-09,0.0,3.95815e-09,179.994,0,A,False
map_20260924T100133Z.jsonl,1,0,map,2026-09-24T10:02:35.333+00:00,read,0.2,0.01,current_1e6,DC,2e-08,0.30000000000000004,15.0,5.0,-9.87808e-09,-1.00045e-11,9.87717e-09,-179.946,0,A,False
map_20260924T100133Z.jsonl,1,1,map,2026-09-24T10:02:40.686+00:00,samples,0.2,0.01,current_1e6,DC,2e-08,0.30000000000000004,15.0,5.0,-9.88172e-09,9.09502e-13,9.88081e-09,179.994,0,A,False
map_20260924T100133Z.jsonl,1,2,map,2026-09-24T10:02:45.973+00:00,read,0.2,0.01,current_1e6,DC,2e-08,0.30000000000000004,15.0,5.0,-9.88354e-09,-9.09502e-13,9.88263e-09,-179.994,0,A,False
map_20260924T100133Z.jsonl,2,0,map,2026-09-24T10:03:07.960+00:00,read,0.2,0.02,current_1e6,DC,5.0000000000000004e-08,0.30000000000000004,15.0,5.0,-1.97507e-08,1.819e-12,1.97489e-08,179.988,0,A,False
map_20260924T100133Z.jsonl,2,1,map,2026-09-24T10:03:13.220+00:00,samples,0.2,0.02,current_1e6,DC,5.0000000000000004e-08,0.30000000000000004,15.0,5.0,-1.97525e-08,0.0,1.97507e-08,180.0,0,A,False
map_20260924T100133Z.jsonl,2,2,map,2026-09-24T10:03:18.422+00:00,read,0.2,0.02,current_1e6,DC,5.0000000000000004e-08,0.30000000000000004,15.0,5.0,-1.97489e-08,0.0,1.97471e-08,179.994,0,A,False
map_20260924T100133Z.jsonl,3,0,map,2026-09-24T10:03:40.523+00:00,read,0.2,0.05,current_1e6,DC,1.0000000000000001e-07,0.30000000000000004,15.0,5.0,-4.93421e-08,0.0,4.93385e-08,180.0,0,A,False
map_20260924T100133Z.jsonl,3,1,map,2026-09-24T10:03:45.724+00:00,samples,0.2,0.05,current_1e6,DC,1.0000000000000001e-07,0.30000000000000004,15.0,5.0,-4.93421e-08,0.0,4.93385e-08,179.994,0,A,False
map_20260924T100133Z.jsonl,3,2,map,2026-09-24T10:03:50.956+00:00,read,0.2,0.05,current_1e6,DC,1.0000000000000001e-07,0.30000000000000004,15.0,5.0,-4.93458e-08,0.0,4.93421e-08,180.0,0,A,False
map_20260924T100133Z.jsonl,4,0,map,2026-09-24T10:04:16.142+00:00,read,0.2,0.1,current_1e6,DC,2.0000000000000002e-07,0.30000000000000004,15.0,5.0,-9.86042e-08,0.0,9.8597e-08,180.0,0,A,False
map_20260924T100133Z.jsonl,4,1,map,2026-09-24T10:04:21.436+00:00,samples,0.2,0.1,current_1e6,DC,2.0000000000000002e-07,0.30000000000000004,15.0,5.0,-9.86042e-08,0.0,9.8597e-08,179.994,0,A,False
map_20260924T100133Z.jsonl,4,2,map,2026-09-24T10:04:26.643+00:00,read,0.2,0.1,current_1e6,DC,2.0000000000000002e-07,0.30000000000000004,15.0,5.0,-9.86042e-08,0.0,9.8597e-08,179.994,0,A,False
map_20260924T100133Z.jsonl,5,0,map,2026-09-24T10:04:48.684+00:00,read,0.2,0.2,current_1e6,DC,5e-07,0.30000000000000004,15.0,5.0,-1.97063e-07,0.0,1.97034e-07,179.994,0,A,False
map_20260924T100133Z.jsonl,5,1,map,2026-09-24T10:04:53.893+00:00,samples,0.2,0.2,current_1e6,DC,5e-07,0.30000000000000004,15.0,5.0,-1.97063e-07,0.0,1.97034e-07,179.994,0,A,False
map_20260924T100133Z.jsonl,5,2,map,2026-09-24T10:04:59.114+00:00,read,0.2,0.2,current_1e6,DC,5e-07,0.30000000000000004,15.0,5.0,-1.97034e-07,0.0,1.97005e-07,180.0,0,A,False
map_20260924T100133Z.jsonl,6,0,map,2026-09-24T10:05:21.586+00:00,read,0.2,0.5,current_1e6,DC,1e-06,0.30000000000000004,15.0,5.0,-4.92382e-07,0.0,4.92324e-07,179.994,0,A,False
map_20260924T100133Z.jsonl,6,1,map,2026-09-24T10:05:26.991+00:00,samples,0.2,0.5,current_1e6,DC,1e-06,0.30000000000000004,15.0,5.0,-4.92382e-07,0.0,4.92324e-07,179.994,0,A,False
map_20260924T100133Z.jsonl,6,2,map,2026-09-24T10:05:32.206+00:00,read,0.2,0.5,current_1e6,DC,1e-06,0.30000000000000004,15.0,5.0,-4.92382e-07,0.0,4.92324e-07,179.994,0,A,False
map_20260924T100133Z.jsonl,7,0,map,2026-09-24T10:05:39.975+00:00,read,1.0,0.004,current_1e6,DC,1e-08,0.30000000000000004,4.500000000000001,1.0,-3.9586e-09,5.457e-12,3.95815e-09,179.916,0,A,False
map_20260924T100133Z.jsonl,7,1,map,2026-09-24T10:05:41.470+00:00,samples,1.0,0.004,current_1e6,DC,1e-08,0.30000000000000004,4.500000000000001,1.0,-3.95588e-09,4.54751e-13,3.95542e-09,179.988,0,A,False
map_20260924T100133Z.jsonl,7,2,map,2026-09-24T10:05:42.770+00:00,read,1.0,0.004,current_1e6,DC,1e-08,0.30000000000000004,4.500000000000001,1.0,-3.95951e-09,1.36425e-12,3.95906e-09,179.976,0,A,False
map_20260924T100133Z.jsonl,8,0,map,2026-09-24T10:05:50.651+00:00,read,1.0,0.01,current_1e6,DC,2e-08,0.30000000000000004,4.500000000000001,1.0,-9.88354e-09,-9.09502e-13,9.88263e-09,-179.994,0,A,False
map_20260924T100133Z.jsonl,8,1,map,2026-09-24T10:05:51.874+00:00,samples,1.0,0.01,current_1e6,DC,2e-08,0.30000000000000004,4.500000000000001,1.0,-9.88263e-09,0.0,9.88172e-09,179.994,0,A,False
map_20260924T100133Z.jsonl,8,2,map,2026-09-24T10:05:53.086+00:00,read,1.0,0.01,current_1e6,DC,2e-08,0.30000000000000004,4.500000000000001,1.0,-9.88172e-09,0.0,9.88081e-09,179.994,0,A,False
map_20260924T100133Z.jsonl,9,0,map,2026-09-24T10:06:00.616+00:00,read,1.0,0.02,current_1e6,DC,5.0000000000000004e-08,0.30000000000000004,4.500000000000001,1.0,-1.97543e-08,0.0,1.97525e-08,179.994,0,A,False
map_20260924T100133Z.jsonl,9,1,map,2026-09-24T10:06:01.824+00:00,samples,1.0,0.02,current_1e6,DC,5.0000000000000004e-08,0.30000000000000004,4.500000000000001,1.0,-1.97543e-08,1.819e-12,1.97525e-08,179.988,0,A,False
map_20260924T100133Z.jsonl,9,2,map,2026-09-24T10:06:03.049+00:00,read,1.0,0.02,current_1e6,DC,5.0000000000000004e-08,0.30000000000000004,4.500000000000001,1.0,-1.97507e-08,1.819e-12,1.97489e-08,179.988,0,A,False
map_20260924T100133Z.jsonl,10,0,map,2026-09-24T10:06:10.814+00:00,read,1.0,0.05,current_1e6,DC,1.0000000000000001e-07,0.30000000000000004,4.500000000000001,1.0,-4.93458e-08,0.0,4.93421e-08,179.994,0,A,False
map_20260924T100133Z.jsonl,10,1,map,2026-09-24T10:06:12.134+00:00,samples,1.0,0.05,current_1e6,DC,1.0000000000000001e-07,0.30000000000000004,4.500000000000001,1.0,-4.93421e-08,3.63801e-12,4.93385e-08,179.994,0,A,False
map_20260924T100133Z.jsonl,10,2,map,2026-09-24T10:06:13.399+00:00,read,1.0,0.05,current_1e6,DC,1.0000000000000001e-07,0.30000000000000004,4.500000000000001,1.0,-4.93421e-08,0.0,4.93385e-08,179.994,0,A,False
map_20260924T100133Z.jsonl,11,0,map,2026-09-24T10:06:21.157+00:00,read,1.0,0.1,current_1e6,DC,2.0000000000000002e-07,0.30000000000000004,4.500000000000001,1.0,-9.86042e-08,0.0,9.8597e-08,179.994,0,A,False
map_20260924T100133Z.jsonl,11,1,map,2026-09-24T10:06:22.438+00:00,samples,1.0,0.1,current_1e6,DC,2.0000000000000002e-07,0.30000000000000004,4.500000000000001,1.0,-9.86042e-08,0.0,9.8597e-08,179.994,0,A,False
map_20260924T100133Z.jsonl,11,2,map,2026-09-24T10:06:23.670+00:00,read,1.0,0.1,current_1e6,DC,2.0000000000000002e-07,0.30000000000000004,4.500000000000001,1.0,-9.86042e-08,0.0,9.8597e-08,179.994,0,A,False
map_20260924T100133Z.jsonl,12,0,map,2026-09-24T10:06:31.218+00:00,read,1.0,0.2,current_1e6,DC,5e-07,0.30000000000000004,4.500000000000001,1.0,-1.97092e-07,0.0,1.97063e-07,179.994,0,A,False
map_20260924T100133Z.jsonl,12,1,map,2026-09-24T10:06:32.431+00:00,samples,1.0,0.2,current_1e6,DC,5e-07,0.30000000000000004,4.500000000000001,1.0,-1.97092e-07,0.0,1.97063e-07,179.994,0,A,False
map_20260924T100133Z.jsonl,12,2,map,2026-09-24T10:06:33.616+00:00,read,1.0,0.2,current_1e6,DC,5e-07,0.30000000000000004,4.500000000000001,1.0,-1.97092e-07,0.0,1.97063e-07,179.994,0,A,False
map_20260924T100133Z.jsonl,13,0,map,2026-09-24T10:06:41.211+00:00,read,1.0,0.5,current_1e6,DC,1e-06,0.30000000000000004,4.500000000000001,1.0,-4.92499e-07,0.0,4.9244e-07,179.994,0,A,False
map_20260924T100133Z.jsonl,13,1,map,2026-09-24T10:06:42.422+00:00,samples,1.0,0.5,current_1e6,DC,1e-06,0.30000000000000004,4.500000000000001,1.0,-4.92499e-07,0.0,4.9244e-07,179.994,0,A,False
map_20260924T100133Z.jsonl,13,2,map,2026-09-24T10:06:43.606+00:00,read,1.0,0.5,current_1e6,DC,1e-06,0.30000000000000004,4.500000000000001,1.0,-4.92499e-07,5.82081e-11,4.9244e-07,179.994,0,A,False
map_20260924T100133Z.jsonl,14,0,map,2026-09-24T10:06:47.568+00:00,read,13.033,0.004,current_1e6,DC,1e-08,0.1,1.5,0.30000000000000004,-3.96133e-09,-2.7285e-12,3.96088e-09,-179.964,0,A,False
map_20260924T100133Z.jsonl,14,1,map,2026-09-24T10:06:48.143+00:00,samples,13.033,0.004,current_1e6,DC,1e-08,0.1,1.5,0.30000000000000004,-3.95951e-09,-2.7285e-12,3.95906e-09,-179.964,0,A,False
map_20260924T100133Z.jsonl,14,2,map,2026-09-24T10:06:48.673+00:00,read,13.033,0.004,current_1e6,DC,1e-08,0.1,1.5,0.30000000000000004,-3.96088e-09,-2.7285e-12,3.96042e-09,-179.964,0,A,False
map_20260924T100133Z.jsonl,15,0,map,2026-09-24T10:06:52.694+00:00,read,13.033,0.01,current_1e6,DC,2e-08,0.1,1.5,0.30000000000000004,-9.88626e-09,-2.7285e-12,9.88535e-09,-179.988,0,A,False
map_20260924T100133Z.jsonl,15,1,map,2026-09-24T10:06:53.220+00:00,samples,13.033,0.01,current_1e6,DC,2e-08,0.1,1.5,0.30000000000000004,-9.88626e-09,-1.819e-12,9.88535e-09,-179.994,0,A,False
map_20260924T100133Z.jsonl,15,2,map,2026-09-24T10:06:53.872+00:00,read,13.033,0.01,current_1e6,DC,2e-08,0.1,1.5,0.30000000000000004,-9.88899e-09,-9.09502e-13,9.88808e-09,-179.994,0,A,False
map_20260924T100133Z.jsonl,16,0,map,2026-09-24T10:06:57.910+00:00,read,13.033,0.02,current_1e6,DC,5.0000000000000004e-08,0.1,1.5,0.30000000000000004,-1.9758e-08,0.0,1.97562e-08,179.994,0,A,False
map_20260924T100133Z.jsonl,16,1,map,2026-09-24T10:06:58.455+00:00,samples,13.033,0.02,current_1e6,DC,5.0000000000000004e-08,0.1,1.5,0.30000000000000004,-1.97562e-08,0.0,1.97543e-08,180.0,0,A,False
map_20260924T100133Z.jsonl,16,2,map,2026-09-24T10:06:58.962+00:00,read,13.033,0.02,current_1e6,DC,5.0000000000000004e-08,0.1,1.5,0.30000000000000004,-1.97562e-08,0.0,1.97543e-08,180.0,0,A,False
map_20260924T100133Z.jsonl,17,0,map,2026-09-24T10:07:02.992+00:00,read,13.033,0.05,current_1e6,DC,1.0000000000000001e-07,0.1,1.5,0.30000000000000004,-4.9353e-08,3.63801e-12,4.93494e-08,179.994,0,A,False
map_20260924T100133Z.jsonl,17,1,map,2026-09-24T10:07:03.529+00:00,samples,13.033,0.05,current_1e6,DC,1.0000000000000001e-07,0.1,1.5,0.30000000000000004,-4.93567e-08,0.0,4.9353e-08,179.994,0,A,False
map_20260924T100133Z.jsonl,17,2,map,2026-09-24T10:07:04.022+00:00,read,13.033,0.05,current_1e6,DC,1.0000000000000001e-07,0.1,1.5,0.30000000000000004,-4.9353e-08,0.0,4.93494e-08,179.994,0,A,False
map_20260924T100133Z.jsonl,18,0,map,2026-09-24T10:07:09.121+00:00,read,13.033,0.1,current_1e6,DC,2.0000000000000002e-07,0.1,1.5,0.30000000000000004,-9.86115e-08,7.27601e-12,9.86042e-08,179.994,0,A,False
map_20260924T100133Z.jsonl,18,1,map,2026-09-24T10:07:09.614+00:00,samples,13.033,0.1,current_1e6,DC,2.0000000000000002e-07,0.1,1.5,0.30000000000000004,-9.86042e-08,7.27601e-12,9.8597e-08,179.994,0,A,False
map_20260924T100133Z.jsonl,18,2,map,2026-09-24T10:07:10.125+00:00,read,13.033,0.1,current_1e6,DC,2.0000000000000002e-07,0.1,1.5,0.30000000000000004,-9.86042e-08,1.4552e-11,9.8597e-08,179.988,0,A,False
map_20260924T100133Z.jsonl,19,0,map,2026-09-24T10:07:14.154+00:00,read,13.033,0.2,current_1e6,DC,5e-07,0.1,1.5,0.30000000000000004,-1.97092e-07,2.91041e-11,1.97063e-07,179.988,0,A,False
map_20260924T100133Z.jsonl,19,1,map,2026-09-24T10:07:14.684+00:00,samples,13.033,0.2,current_1e6,DC,5e-07,0.1,1.5,0.30000000000000004,-1.97092e-07,2.91041e-11,1.97063e-07,179.988,0,A,False
map_20260924T100133Z.jsonl,19,2,map,2026-09-24T10:07:15.341+00:00,read,13.033,0.2,current_1e6,DC,5e-07,0.1,1.5,0.30000000000000004,-1.97092e-07,2.91041e-11,1.97063e-07,179.988,0,A,False
map_20260924T100133Z.jsonl,20,0,map,2026-09-24T10:07:19.597+00:00,read,13.033,0.5,current_1e6,DC,1e-06,0.1,1.5,0.30000000000000004,-4.92499e-07,5.82081e-11,4.9244e-07,179.988,0,A,False
map_20260924T100133Z.jsonl,20,1,map,2026-09-24T10:07:20.220+00:00,samples,13.033,0.5,current_1e6,DC,1e-06,0.1,1.5,0.30000000000000004,-4.92499e-07,5.82081e-11,4.9244e-07,179.988,0,A,False
map_20260924T100133Z.jsonl,20,2,map,2026-09-24T10:07:20.771+00:00,read,13.033,0.5,current_1e6,DC,1e-06,0.1,1.5,0.30000000000000004,-4.92499e-07,5.82081e-11,4.9244e-07,179.988,0,A,False
map_20260924T100133Z.jsonl,21,0,map,2026-09-24T10:07:25.053+00:00,read,73.0,0.004,current_1e6,DC,1e-08,0.1,1.5,0.30000000000000004,-3.96406e-09,9.09502e-13,3.96361e-09,179.982,0,A,False
map_20260924T100133Z.jsonl,21,1,map,2026-09-24T10:07:25.671+00:00,samples,73.0,0.004,current_1e6,DC,1e-08,0.1,1.5,0.30000000000000004,-3.96406e-09,9.09502e-13,3.96361e-09,179.982,0,A,False
map_20260924T100133Z.jsonl,21,2,map,2026-09-24T10:07:26.192+00:00,read,73.0,0.004,current_1e6,DC,1e-08,0.1,1.5,0.30000000000000004,-3.96361e-09,9.09502e-13,3.96315e-09,179.988,0,A,False
map_20260924T100133Z.jsonl,22,0,map,2026-09-24T10:07:30.302+00:00,read,73.0,0.01,current_1e6,DC,2e-08,0.1,1.5,0.30000000000000004,-9.8899e-09,4.5475e-12,9.88899e-09,179.97,0,A,False
map_20260924T100133Z.jsonl,22,1,map,2026-09-24T10:07:30.810+00:00,samples,73.0,0.01,current_1e6,DC,2e-08,0.1,1.5,0.30000000000000004,-9.8899e-09,4.5475e-12,9.88899e-09,179.97,0,A,False
map_20260924T100133Z.jsonl,22,2,map,2026-09-24T10:07:31.333+00:00,read,73.0,0.01,current_1e6,DC,2e-08,0.1,1.5,0.30000000000000004,-9.8899e-09,5.457e-12,9.88899e-09,179.964,0,A,False
map_20260924T100133Z.jsonl,23,0,map,2026-09-24T10:07:35.341+00:00,read,73.0,0.02,current_1e6,DC,5.0000000000000004e-08,0.1,1.5,0.30000000000000004,-1.97598e-08,1.0914e-11,1.9758e-08,179.964,0,A,False
map_20260924T100133Z.jsonl,23,1,map,2026-09-24T10:07:35.829+00:00,samples,73.0,0.02,current_1e6,DC,5.0000000000000004e-08,0.1,1.5,0.30000000000000004,-1.97598e-08,1.0914e-11,1.9758e-08,179.964,0,A,False
map_20260924T100133Z.jsonl,23,2,map,2026-09-24T10:07:36.358+00:00,read,73.0,0.02,current_1e6,DC,5.0000000000000004e-08,0.1,1.5,0.30000000000000004,-1.97598e-08,1.0914e-11,1.9758e-08,179.964,0,A,False
map_20260924T100133Z.jsonl,24,0,map,2026-09-24T10:07:40.449+00:00,read,73.0,0.05,current_1e6,DC,1.0000000000000001e-07,0.1,1.5,0.30000000000000004,-4.93567e-08,3.2742e-11,4.9353e-08,179.964,0,A,False
map_20260924T100133Z.jsonl,24,1,map,2026-09-24T10:07:40.952+00:00,samples,73.0,0.05,current_1e6,DC,1.0000000000000001e-07,0.1,1.5,0.30000000000000004,-4.93567e-08,3.2742e-11,4.9353e-08,179.964,0,A,False
map_20260924T100133Z.jsonl,24,2,map,2026-09-24T10:07:41.456+00:00,read,73.0,0.05,current_1e6,DC,1.0000000000000001e-07,0.1,1.5,0.30000000000000004,-4.93567e-08,3.2742e-11,4.9353e-08,179.964,0,A,False
map_20260924T100133Z.jsonl,25,0,map,2026-09-24T10:07:46.021+00:00,read,73.0,0.1,current_1e6,DC,2.0000000000000002e-07,0.1,1.5,0.30000000000000004,-9.86042e-08,6.54841e-11,9.8597e-08,179.964,0,A,False
map_20260924T100133Z.jsonl,25,1,map,2026-09-24T10:07:47.192+00:00,samples,73.0,0.1,current_1e6,DC,2.0000000000000002e-07,0.1,1.5,0.30000000000000004,-9.86042e-08,6.54841e-11,9.8597e-08,179.964,0,A,False
map_20260924T100133Z.jsonl,25,2,map,2026-09-24T10:07:48.218+00:00,read,73.0,0.1,current_1e6,DC,2.0000000000000002e-07,0.1,1.5,0.30000000000000004,-9.86042e-08,6.54841e-11,9.8597e-08,179.964,0,A,False
map_20260924T100133Z.jsonl,26,0,map,2026-09-24T10:07:54.619+00:00,read,73.0,0.2,current_1e6,DC,5e-07,0.1,1.5,0.30000000000000004,-1.97092e-07,1.16416e-10,1.97063e-07,179.964,0,A,False
map_20260924T100133Z.jsonl,26,1,map,2026-09-24T10:07:55.185+00:00,samples,73.0,0.2,current_1e6,DC,5e-07,0.1,1.5,0.30000000000000004,-1.97092e-07,1.16416e-10,1.97063e-07,179.964,0,A,False
map_20260924T100133Z.jsonl,26,2,map,2026-09-24T10:07:55.750+00:00,read,73.0,0.2,current_1e6,DC,5e-07,0.1,1.5,0.30000000000000004,-1.97092e-07,1.16416e-10,1.97063e-07,179.964,0,A,False
map_20260924T100133Z.jsonl,27,0,map,2026-09-24T10:08:00.023+00:00,read,73.0,0.5,current_1e6,DC,1e-06,0.1,1.5,0.30000000000000004,-4.92499e-07,2.9104e-10,4.9244e-07,179.964,0,A,False
map_20260924T100133Z.jsonl,27,1,map,2026-09-24T10:08:00.576+00:00,samples,73.0,0.5,current_1e6,DC,1e-06,0.1,1.5,0.30000000000000004,-4.92499e-07,2.9104e-10,4.9244e-07,179.964,0,A,False
map_20260924T100133Z.jsonl,27,2,map,2026-09-24T10:08:01.221+00:00,read,73.0,0.5,current_1e6,DC,1e-06,0.1,1.5,0.30000000000000004,-4.92499e-07,2.9104e-10,4.9244e-07,179.964,0,A,False
map_20260924T100133Z.jsonl,28,0,map,2026-09-24T10:08:05.418+00:00,read,333.0,0.004,current_1e6,DC,1e-08,0.1,1.5,0.30000000000000004,-3.96406e-09,1.04592e-11,3.96361e-09,179.844,0,A,False
map_20260924T100133Z.jsonl,28,1,map,2026-09-24T10:08:05.922+00:00,samples,333.0,0.004,current_1e6,DC,1e-08,0.1,1.5,0.30000000000000004,-3.96406e-09,1.0914e-11,3.96361e-09,179.844,0,A,False
map_20260924T100133Z.jsonl,28,2,map,2026-09-24T10:08:06.425+00:00,read,333.0,0.004,current_1e6,DC,1e-08,0.1,1.5,0.30000000000000004,-3.96406e-09,1.04592e-11,3.96361e-09,179.844,0,A,False
map_20260924T100133Z.jsonl,29,0,map,2026-09-24T10:08:10.423+00:00,read,333.0,0.01,current_1e6,DC,2e-08,0.1,1.5,0.30000000000000004,-9.89081e-09,2.7285e-11,9.8899e-09,179.838,0,A,False
map_20260924T100133Z.jsonl,29,1,map,2026-09-24T10:08:10.958+00:00,samples,333.0,0.01,current_1e6,DC,2e-08,0.1,1.5,0.30000000000000004,-9.89081e-09,2.7285e-11,9.8899e-09,179.838,0,A,False
map_20260924T100133Z.jsonl,29,2,map,2026-09-24T10:08:11.455+00:00,read,333.0,0.01,current_1e6,DC,2e-08,0.1,1.5,0.30000000000000004,-9.89081e-09,2.81944e-11,9.8899e-09,179.832,0,A,False
map_20260924T100133Z.jsonl,30,0,map,2026-09-24T10:08:15.514+00:00,read,333.0,0.02,current_1e6,DC,5.0000000000000004e-08,0.1,1.5,0.30000000000000004,-1.97616e-08,5.63889e-11,1.97598e-08,179.838,0,A,False
map_20260924T100133Z.jsonl,30,1,map,2026-09-24T10:08:16.100+00:00,samples,333.0,0.02,current_1e6,DC,5.0000000000000004e-08,0.1,1.5,0.30000000000000004,-1.97616e-08,5.63889e-11,1.97598e-08,179.838,0,A,False
map_20260924T100133Z.jsonl,30,2,map,2026-09-24T10:08:16.718+00:00,read,333.0,0.02,current_1e6,DC,5.0000000000000004e-08,0.1,1.5,0.30000000000000004,-1.97616e-08,5.63889e-11,1.97598e-08,179.838,0,A,False
map_20260924T100133Z.jsonl,31,0,map,2026-09-24T10:08:21.189+00:00,read,333.0,0.05,current_1e6,DC,1.0000000000000001e-07,0.1,1.5,0.30000000000000004,-4.93603e-08,1.41882e-10,4.93567e-08,179.832,0,A,False
map_20260924T100133Z.jsonl,31,1,map,2026-09-24T10:08:22.127+00:00,samples,333.0,0.05,current_1e6,DC,1.0000000000000001e-07,0.1,1.5,0.30000000000000004,-4.93567e-08,1.41882e-10,4.9353e-08,179.832,0,A,False
map_20260924T100133Z.jsonl,31,2,map,2026-09-24T10:08:23.893+00:00,read,333.0,0.05,current_1e6,DC,1.0000000000000001e-07,0.1,1.5,0.30000000000000004,-4.93567e-08,1.41882e-10,4.9353e-08,179.832,0,A,False
map_20260924T100133Z.jsonl,32,0,map,2026-09-24T10:08:30.077+00:00,read,333.0,0.1,current_1e6,DC,2.0000000000000002e-07,0.1,1.5,0.30000000000000004,-9.86042e-08,2.83764e-10,9.8597e-08,179.832,0,A,False
map_20260924T100133Z.jsonl,32,1,map,2026-09-24T10:08:30.836+00:00,samples,333.0,0.1,current_1e6,DC,2.0000000000000002e-07,0.1,1.5,0.30000000000000004,-9.86042e-08,2.83764e-10,9.8597e-08,179.832,0,A,False
map_20260924T100133Z.jsonl,32,2,map,2026-09-24T10:08:31.422+00:00,read,333.0,0.1,current_1e6,DC,2.0000000000000002e-07,0.1,1.5,0.30000000000000004,-9.86042e-08,2.83764e-10,9.8597e-08,179.832,0,A,False
map_20260924T100133Z.jsonl,33,0,map,2026-09-24T10:08:36.089+00:00,read,333.0,0.2,current_1e6,DC,5e-07,0.1,1.5,0.30000000000000004,-1.97063e-07,5.52976e-10,1.97034e-07,179.838,0,A,False
map_20260924T100133Z.jsonl,33,1,map,2026-09-24T10:08:36.849+00:00,samples,333.0,0.2,current_1e6,DC,5e-07,0.1,1.5,0.30000000000000004,-1.97063e-07,5.52976e-10,1.97034e-07,179.838,0,A,False
map_20260924T100133Z.jsonl,33,2,map,2026-09-24T10:08:37.717+00:00,read,333.0,0.2,current_1e6,DC,5e-07,0.1,1.5,0.30000000000000004,-1.97092e-07,5.52976e-10,1.97063e-07,179.838,0,A,False
map_20260924T100133Z.jsonl,34,0,map,2026-09-24T10:08:42.239+00:00,read,333.0,0.5,current_1e6,DC,1e-06,0.1,1.5,0.30000000000000004,-4.92499e-07,1.39699e-09,4.9244e-07,179.832,0,A,False
map_20260924T100133Z.jsonl,34,1,map,2026-09-24T10:08:42.906+00:00,samples,333.0,0.5,current_1e6,DC,1e-06,0.1,1.5,0.30000000000000004,-4.92499e-07,1.39699e-09,4.9244e-07,179.832,0,A,False
map_20260924T100133Z.jsonl,34,2,map,2026-09-24T10:08:43.605+00:00,read,333.0,0.5,current_1e6,DC,1e-06,0.1,1.5,0.30000000000000004,-4.92499e-07,1.39699e-09,4.9244e-07,179.832,0,A,False
map_20260924T100133Z.jsonl,35,0,map,2026-09-24T10:08:48.348+00:00,read,1033.0,0.004,current_1e6,DC,1e-08,0.1,1.5,0.30000000000000004,-3.96588e-09,3.31968e-11,3.96543e-09,179.52,0,A,False
map_20260924T100133Z.jsonl,35,1,map,2026-09-24T10:08:49.157+00:00,samples,1033.0,0.004,current_1e6,DC,1e-08,0.1,1.5,0.30000000000000004,-3.96588e-09,3.31968e-11,3.96543e-09,179.52,0,A,False
map_20260924T100133Z.jsonl,35,2,map,2026-09-24T10:08:49.993+00:00,read,1033.0,0.004,current_1e6,DC,1e-08,0.1,1.5,0.30000000000000004,-3.96588e-09,3.31968e-11,3.96543e-09,179.52,0,A,False
map_20260924T100133Z.jsonl,36,0,map,2026-09-24T10:08:54.403+00:00,read,1033.0,0.01,current_1e6,DC,2e-08,0.1,1.5,0.30000000000000004,-9.89445e-09,8.54929e-11,9.89445e-09,179.502,0,A,False
map_20260924T100133Z.jsonl,36,1,map,2026-09-24T10:08:55.019+00:00,samples,1033.0,0.01,current_1e6,DC,2e-08,0.1,1.5,0.30000000000000004,-9.89445e-09,8.54929e-11,9.89445e-09,179.502,0,A,False
map_20260924T100133Z.jsonl,36,2,map,2026-09-24T10:08:55.570+00:00,read,1033.0,0.01,current_1e6,DC,2e-08,0.1,1.5,0.30000000000000004,-9.89445e-09,8.54929e-11,9.89445e-09,179.502,0,A,False
map_20260924T100133Z.jsonl,37,0,map,2026-09-24T10:09:00.251+00:00,read,1033.0,0.02,current_1e6,DC,5.0000000000000004e-08,0.1,1.5,0.30000000000000004,-1.97707e-08,1.72805e-10,1.97689e-08,179.496,0,A,False
map_20260924T100133Z.jsonl,37,1,map,2026-09-24T10:09:00.780+00:00,samples,1033.0,0.02,current_1e6,DC,5.0000000000000004e-08,0.1,1.5,0.30000000000000004,-1.97707e-08,1.72805e-10,1.97689e-08,179.496,0,A,False
map_20260924T100133Z.jsonl,37,2,map,2026-09-24T10:09:01.331+00:00,read,1033.0,0.02,current_1e6,DC,5.0000000000000004e-08,0.1,1.5,0.30000000000000004,-1.97707e-08,1.72805e-10,1.97689e-08,179.496,0,A,False
map_20260924T100133Z.jsonl,38,0,map,2026-09-24T10:09:05.359+00:00,read,1033.0,0.05,current_1e6,DC,1.0000000000000001e-07,0.1,1.5,0.30000000000000004,-4.93822e-08,4.36559e-10,4.93785e-08,179.496,0,A,False
map_20260924T100133Z.jsonl,38,1,map,2026-09-24T10:09:06.067+00:00,samples,1033.0,0.05,current_1e6,DC,1.0000000000000001e-07,0.1,1.5,0.30000000000000004,-4.93822e-08,4.36559e-10,4.93785e-08,179.496,0,A,False
map_20260924T100133Z.jsonl,38,2,map,2026-09-24T10:09:06.692+00:00,read,1033.0,0.05,current_1e6,DC,1.0000000000000001e-07,0.1,1.5,0.30000000000000004,-4.93822e-08,4.36559e-10,4.93785e-08,179.496,0,A,False
map_20260924T100133Z.jsonl,39,0,map,2026-09-24T10:09:10.937+00:00,read,1033.0,0.1,current_1e6,DC,2.0000000000000002e-07,0.1,1.5,0.30000000000000004,-9.86552e-08,8.73118e-10,9.86552e-08,179.496,0,A,False
map_20260924T100133Z.jsonl,39,1,map,2026-09-24T10:09:11.553+00:00,samples,1033.0,0.1,current_1e6,DC,2.0000000000000002e-07,0.1,1.5,0.30000000000000004,-9.86552e-08,8.73118e-10,9.86552e-08,179.496,0,A,False
map_20260924T100133Z.jsonl,39,2,map,2026-09-24T10:09:12.104+00:00,read,1033.0,0.1,current_1e6,DC,2.0000000000000002e-07,0.1,1.5,0.30000000000000004,-9.86552e-08,8.73118e-10,9.86552e-08,179.496,0,A,False
map_20260924T100133Z.jsonl,40,0,map,2026-09-24T10:09:16.316+00:00,read,1033.0,0.2,current_1e6,DC,5e-07,0.1,1.5,0.30000000000000004,-1.97179e-07,1.74624e-09,1.9715e-07,179.49,0,A,False
map_20260924T100133Z.jsonl,40,1,map,2026-09-24T10:09:17.026+00:00,samples,1033.0,0.2,current_1e6,DC,5e-07,0.1,1.5,0.30000000000000004,-1.97179e-07,1.74624e-09,1.9715e-07,179.49,0,A,False
map_20260924T100133Z.jsonl,40,2,map,2026-09-24T10:09:17.592+00:00,read,1033.0,0.2,current_1e6,DC,5e-07,0.1,1.5,0.30000000000000004,-1.97179e-07,1.74624e-09,1.9715e-07,179.49,0,A,False
map_20260924T100133Z.jsonl,41,0,map,2026-09-24T10:09:21.657+00:00,read,1033.0,0.5,current_1e6,DC,1e-06,0.1,1.5,0.30000000000000004,-4.92731e-07,4.3656e-09,4.92673e-07,179.49,0,A,False
map_20260924T100133Z.jsonl,41,1,map,2026-09-24T10:09:22.207+00:00,samples,1033.0,0.5,current_1e6,DC,1e-06,0.1,1.5,0.30000000000000004,-4.92731e-07,4.3656e-09,4.92731e-07,179.49,0,A,False
map_20260924T100133Z.jsonl,41,2,map,2026-09-24T10:09:22.737+00:00,read,1033.0,0.5,current_1e6,DC,1e-06,0.1,1.5,0.30000000000000004,-4.92731e-07,4.3656e-09,4.92731e-07,179.49,0,A,False
map_20260924T100133Z.jsonl,42,0,map,2026-09-24T10:09:26.767+00:00,read,3333.0,0.004,current_1e6,DC,1e-08,0.1,1.5,0.30000000000000004,-3.9868e-09,1.07776e-10,3.98771e-09,178.446,0,A,False
map_20260924T100133Z.jsonl,42,1,map,2026-09-24T10:09:27.282+00:00,samples,3333.0,0.004,current_1e6,DC,1e-08,0.1,1.5,0.30000000000000004,-3.9868e-09,1.07776e-10,3.98771e-09,178.446,0,A,False
map_20260924T100133Z.jsonl,42,2,map,2026-09-24T10:09:27.823+00:00,read,3333.0,0.004,current_1e6,DC,1e-08,0.1,1.5,0.30000000000000004,-3.98634e-09,1.07321e-10,3.98725e-09,178.458,0,A,False
map_20260924T100133Z.jsonl,43,0,map,2026-09-24T10:09:31.935+00:00,read,3333.0,0.01,current_1e6,DC,2e-08,0.1,1.5,0.30000000000000004,-9.9472e-09,2.79217e-10,9.95084e-09,178.386,0,A,False
map_20260924T100133Z.jsonl,43,1,map,2026-09-24T10:09:32.468+00:00,samples,3333.0,0.01,current_1e6,DC,2e-08,0.1,1.5,0.30000000000000004,-9.9472e-09,2.80126e-10,9.95084e-09,178.386,0,A,False
map_20260924T100133Z.jsonl,43,2,map,2026-09-24T10:09:32.986+00:00,read,3333.0,0.01,current_1e6,DC,2e-08,0.1,1.5,0.30000000000000004,-9.94629e-09,2.79217e-10,9.94993e-09,178.386,0,A,False
map_20260924T100133Z.jsonl,44,0,map,2026-09-24T10:09:37.108+00:00,read,3333.0,0.02,current_1e6,DC,5.0000000000000004e-08,0.1,1.5,0.30000000000000004,-1.98744e-08,5.6389e-10,1.98798e-08,178.374,0,A,False
map_20260924T100133Z.jsonl,44,1,map,2026-09-24T10:09:37.618+00:00,samples,3333.0,0.02,current_1e6,DC,5.0000000000000004e-08,0.1,1.5,0.30000000000000004,-1.98744e-08,5.6389e-10,1.98798e-08,178.374,0,A,False
map_20260924T100133Z.jsonl,44,2,map,2026-09-24T10:09:38.332+00:00,read,3333.0,0.02,current_1e6,DC,5.0000000000000004e-08,0.1,1.5,0.30000000000000004,-1.98726e-08,5.6389e-10,1.9878e-08,178.374,0,A,False
map_20260924T100133Z.jsonl,45,0,map,2026-09-24T10:09:43.487+00:00,read,3333.0,0.05,current_1e6,DC,1.0000000000000001e-07,0.1,1.5,0.30000000000000004,-4.96404e-08,1.41882e-09,4.9655e-08,178.362,0,A,False
map_20260924T100133Z.jsonl,45,1,map,2026-09-24T10:09:44.000+00:00,samples,3333.0,0.05,current_1e6,DC,1.0000000000000001e-07,0.1,1.5,0.30000000000000004,-4.96404e-08,1.41882e-09,4.9655e-08,178.362,0,A,False
map_20260924T100133Z.jsonl,45,2,map,2026-09-24T10:09:44.523+00:00,read,3333.0,0.05,current_1e6,DC,1.0000000000000001e-07,0.1,1.5,0.30000000000000004,-4.96404e-08,1.41882e-09,4.9655e-08,178.362,0,A,False
map_20260924T100133Z.jsonl,46,0,map,2026-09-24T10:09:48.540+00:00,read,3333.0,0.1,current_1e6,DC,2.0000000000000002e-07,0.1,1.5,0.30000000000000004,-9.91718e-08,2.84491e-09,9.92081e-08,178.356,0,A,False
map_20260924T100133Z.jsonl,46,1,map,2026-09-24T10:09:49.069+00:00,samples,3333.0,0.1,current_1e6,DC,2.0000000000000002e-07,0.1,1.5,0.30000000000000004,-9.91718e-08,2.85219e-09,9.92081e-08,178.35,0,A,False
map_20260924T100133Z.jsonl,46,2,map,2026-09-24T10:09:49.577+00:00,read,3333.0,0.1,current_1e6,DC,2.0000000000000002e-07,0.1,1.5,0.30000000000000004,-9.91718e-08,2.84491e-09,9.92081e-08,178.356,0,A,False
map_20260924T100133Z.jsonl,47,0,map,2026-09-24T10:09:53.619+00:00,read,3333.0,0.2,current_1e6,DC,5e-07,0.1,1.5,0.30000000000000004,-1.98227e-07,5.67528e-09,1.98285e-07,178.35,0,A,False
map_20260924T100133Z.jsonl,47,1,map,2026-09-24T10:09:54.139+00:00,samples,3333.0,0.2,current_1e6,DC,5e-07,0.1,1.5,0.30000000000000004,-1.98227e-07,5.67528e-09,1.98285e-07,178.35,0,A,False
map_20260924T100133Z.jsonl,47,2,map,2026-09-24T10:09:54.663+00:00,read,3333.0,0.2,current_1e6,DC,5e-07,0.1,1.5,0.30000000000000004,-1.98227e-07,5.67528e-09,1.98285e-07,178.35,0,A,False
map_20260924T100133Z.jsonl,48,0,map,2026-09-24T10:09:58.721+00:00,read,3333.0,0.5,current_1e6,DC,1e-06,0.1,1.5,0.30000000000000004,-4.95351e-07,1.42609e-08,4.95467e-07,178.35,0,A,False
map_20260924T100133Z.jsonl,48,1,map,2026-09-24T10:09:59.284+00:00,samples,3333.0,0.5,current_1e6,DC,1e-06,0.1,1.5,0.30000000000000004,-4.95351e-07,1.42609e-08,4.95467e-07,178.35,0,A,False
map_20260924T100133Z.jsonl,48,2,map,2026-09-24T10:09:59.804+00:00,read,3333.0,0.5,current_1e6,DC,1e-06,0.1,1.5,0.30000000000000004,-4.95351e-07,1.42609e-08,4.95467e-07,178.35,0,A,False
map_20260924T100133Z.jsonl,49,0,map,2026-09-24T10:10:03.867+00:00,read,10330.0,0.004,current_1e6,DC,1e-08,0.1,1.5,0.30000000000000004,-4.21099e-09,3.69257e-10,4.22645e-09,174.984,0,A,False
map_20260924T100133Z.jsonl,49,1,map,2026-09-24T10:10:04.378+00:00,samples,10330.0,0.004,current_1e6,DC,1e-08,0.1,1.5,0.30000000000000004,-4.2169e-09,3.69257e-10,4.23282e-09,174.996,0,A,False
map_20260924T100133Z.jsonl,49,2,map,2026-09-24T10:10:04.952+00:00,read,10330.0,0.004,current_1e6,DC,1e-08,0.1,1.5,0.30000000000000004,-4.21326e-09,3.69257e-10,4.22872e-09,174.984,0,A,False
map_20260924T100133Z.jsonl,50,0,map,2026-09-24T10:10:09.057+00:00,read,10330.0,0.01,current_1e6,DC,2e-08,0.1,1.5,0.30000000000000004,-1.05011e-08,9.73166e-10,1.05447e-08,174.702,0,A,False
map_20260924T100133Z.jsonl,50,1,map,2026-09-24T10:10:09.600+00:00,samples,10330.0,0.01,current_1e6,DC,2e-08,0.1,1.5,0.30000000000000004,-1.04911e-08,9.64981e-10,1.05338e-08,174.744,0,A,False
map_20260924T100133Z.jsonl,50,2,map,2026-09-24T10:10:10.151+00:00,read,10330.0,0.01,current_1e6,DC,2e-08,0.1,1.5,0.30000000000000004,-1.04929e-08,9.55886e-10,1.05347e-08,174.792,0,A,False
map_20260924T100133Z.jsonl,51,0,map,2026-09-24T10:10:14.251+00:00,read,10330.0,0.02,current_1e6,DC,5.0000000000000004e-08,0.1,1.5,0.30000000000000004,-2.09676e-08,1.92996e-09,2.10531e-08,174.738,0,A,False
map_20260924T100133Z.jsonl,51,1,map,2026-09-24T10:10:14.830+00:00,samples,10330.0,0.02,current_1e6,DC,5.0000000000000004e-08,0.1,1.5,0.30000000000000004,-2.09567e-08,1.92814e-09,2.1044e-08,174.744,0,A,False
map_20260924T100133Z.jsonl,51,2,map,2026-09-24T10:10:15.358+00:00,read,10330.0,0.02,current_1e6,DC,5.0000000000000004e-08,0.1,1.5,0.30000000000000004,-2.09585e-08,1.92814e-09,2.10458e-08,174.738,0,A,False
map_20260924T100133Z.jsonl,52,0,map,2026-09-24T10:10:19.555+00:00,read,10330.0,0.05,current_1e6,DC,1.0000000000000001e-07,0.1,1.5,0.30000000000000004,-5.2358e-08,4.81671e-09,5.25727e-08,174.738,0,A,False
map_20260924T100133Z.jsonl,52,1,map,2026-09-24T10:10:20.091+00:00,samples,10330.0,0.05,current_1e6,DC,1.0000000000000001e-07,0.1,1.5,0.30000000000000004,-5.2358e-08,4.82399e-09,5.25763e-08,174.732,0,A,False
map_20260924T100133Z.jsonl,52,2,map,2026-09-24T10:10:20.610+00:00,read,10330.0,0.05,current_1e6,DC,1.0000000000000001e-07,0.1,1.5,0.30000000000000004,-5.2358e-08,4.82399e-09,5.25763e-08,174.732,0,A,False
map_20260924T100133Z.jsonl,53,0,map,2026-09-24T10:10:25.255+00:00,read,10330.0,0.1,current_1e6,DC,2.0000000000000002e-07,0.1,1.5,0.30000000000000004,-1.04607e-07,9.65525e-09,1.05043e-07,174.726,0,A,False
map_20260924T100133Z.jsonl,53,1,map,2026-09-24T10:10:26.809+00:00,samples,10330.0,0.1,current_1e6,DC,2.0000000000000002e-07,0.1,1.5,0.30000000000000004,-1.04607e-07,9.66253e-09,1.05043e-07,174.72,0,A,False
map_20260924T100133Z.jsonl,53,2,map,2026-09-24T10:10:27.360+00:00,read,10330.0,0.1,current_1e6,DC,2.0000000000000002e-07,0.1,1.5,0.30000000000000004,-1.04614e-07,9.66253e-09,1.05051e-07,174.72,0,A,False
map_20260924T100133Z.jsonl,54,0,map,2026-09-24T10:10:31.891+00:00,read,10330.0,0.2,current_1e6,DC,5e-07,0.1,1.5,0.30000000000000004,-2.09083e-07,1.9296e-08,2.09956e-07,174.726,0,A,False
map_20260924T100133Z.jsonl,54,1,map,2026-09-24T10:10:33.480+00:00,samples,10330.0,0.2,current_1e6,DC,5e-07,0.1,1.5,0.30000000000000004,-2.09083e-07,1.9296e-08,2.09927e-07,174.72,0,A,False
map_20260924T100133Z.jsonl,54,2,map,2026-09-24T10:10:36.362+00:00,read,10330.0,0.2,current_1e6,DC,5e-07,0.1,1.5,0.30000000000000004,-2.09083e-07,1.9296e-08,2.09956e-07,174.726,0,A,False
map_20260924T100133Z.jsonl,55,0,map,2026-09-24T10:10:45.013+00:00,read,10330.0,0.5,current_1e6,DC,1e-06,0.1,1.5,0.30000000000000004,-5.22534e-07,4.83708e-08,5.24687e-07,174.708,0,A,False
map_20260924T100133Z.jsonl,55,1,map,2026-09-24T10:10:47.566+00:00,samples,10330.0,0.5,current_1e6,DC,1e-06,0.1,1.5,0.30000000000000004,-5.22534e-07,4.83708e-08,5.24687e-07,174.708,0,A,False
map_20260924T100133Z.jsonl,55,2,map,2026-09-24T10:10:50.388+00:00,read,10330.0,0.5,current_1e6,DC,1e-06,0.1,1.5,0.30000000000000004,-5.22534e-07,4.83708e-08,5.24687e-07,174.708,0,A,False
map_20260924T100133Z.jsonl,56,0,map,2026-09-24T10:10:57.205+00:00,read,33330.0,0.004,current_1e6,DC,2e-08,0.1,1.5,0.30000000000000004,-6.6066e-09,6.00997e-09,8.93129e-09,137.706,0,A,False
map_20260924T100133Z.jsonl,56,1,map,2026-09-24T10:10:57.768+00:00,samples,33330.0,0.004,current_1e6,DC,2e-08,0.1,1.5,0.30000000000000004,-6.60387e-09,6.01634e-09,8.93311e-09,137.658,0,A,False
map_20260924T100133Z.jsonl,56,2,map,2026-09-24T10:10:58.342+00:00,read,33330.0,0.004,current_1e6,DC,2e-08,0.1,1.5,0.30000000000000004,-6.60569e-09,6.01088e-09,8.93039e-09,137.694,0,A,False
map_20260924T100133Z.jsonl,57,0,map,2026-09-24T10:11:02.636+00:00,read,33330.0,0.01,current_1e6,DC,5.0000000000000004e-08,0.1,1.5,0.30000000000000004,-1.63346e-08,1.50868e-08,2.22354e-08,137.268,0,A,False
map_20260924T100133Z.jsonl,57,1,map,2026-09-24T10:11:03.168+00:00,samples,33330.0,0.01,current_1e6,DC,5.0000000000000004e-08,0.1,1.5,0.30000000000000004,-1.6331e-08,1.5085e-08,2.223e-08,137.268,0,A,False
map_20260924T100133Z.jsonl,57,2,map,2026-09-24T10:11:03.692+00:00,read,33330.0,0.01,current_1e6,DC,5.0000000000000004e-08,0.1,1.5,0.30000000000000004,-1.63346e-08,1.50904e-08,2.22373e-08,137.262,0,A,False
map_20260924T100133Z.jsonl,58,0,map,2026-09-24T10:11:08.092+00:00,read,33330.0,0.02,current_1e6,DC,1.0000000000000001e-07,0.1,1.5,0.30000000000000004,-3.25711e-08,3.025e-08,4.44491e-08,137.112,0,A,False
map_20260924T100133Z.jsonl,58,1,map,2026-09-24T10:11:08.594+00:00,samples,33330.0,0.02,current_1e6,DC,1.0000000000000001e-07,0.1,1.5,0.30000000000000004,-3.25747e-08,3.02537e-08,4.44527e-08,137.112,0,A,False
map_20260924T100133Z.jsonl,58,2,map,2026-09-24T10:11:09.113+00:00,read,33330.0,0.02,current_1e6,DC,1.0000000000000001e-07,0.1,1.5,0.30000000000000004,-3.2582e-08,3.02464e-08,4.44527e-08,137.124,0,A,False
map_20260924T100133Z.jsonl,59,0,map,2026-09-24T10:11:13.325+00:00,read,33330.0,0.05,current_1e6,DC,5e-07,0.1,1.5,0.30000000000000004,-8.12001e-08,7.56413e-08,1.10973e-07,137.016,0,A,False
map_20260924T100133Z.jsonl,59,1,map,2026-09-24T10:11:14.029+00:00,samples,33330.0,0.05,current_1e6,DC,5e-07,0.1,1.5,0.30000000000000004,-8.12001e-08,7.56413e-08,1.10973e-07,137.016,0,A,False
map_20260924T100133Z.jsonl,59,2,map,2026-09-24T10:11:14.619+00:00,read,33330.0,0.05,current_1e6,DC,5e-07,0.1,1.5,0.30000000000000004,-8.12001e-08,7.56413e-08,1.10973e-07,137.016,0,A,False
map_20260924T100133Z.jsonl,60,0,map,2026-09-24T10:11:18.957+00:00,read,33330.0,0.1,current_1e6,DC,5e-07,0.1,1.5,0.30000000000000004,-1.62197e-07,1.51195e-07,2.21714e-07,137.004,0,A,False
map_20260924T100133Z.jsonl,60,1,map,2026-09-24T10:11:19.564+00:00,samples,33330.0,0.1,current_1e6,DC,5e-07,0.1,1.5,0.30000000000000004,-1.62167e-07,1.51224e-07,2.21714e-07,136.998,0,A,False
map_20260924T100133Z.jsonl,60,2,map,2026-09-24T10:11:20.138+00:00,read,33330.0,0.1,current_1e6,DC,5e-07,0.1,1.5,0.30000000000000004,-1.62197e-07,1.51224e-07,2.21714e-07,136.998,0,A,False
map_20260924T100133Z.jsonl,61,0,map,2026-09-24T10:11:24.346+00:00,read,33330.0,0.2,current_1e6,DC,1e-06,0.1,1.5,0.30000000000000004,-3.2416e-07,3.02274e-07,4.43195e-07,136.992,0,A,False
map_20260924T100133Z.jsonl,61,1,map,2026-09-24T10:11:24.881+00:00,samples,33330.0,0.2,current_1e6,DC,1e-06,0.1,1.5,0.30000000000000004,-3.2416e-07,3.02332e-07,4.43195e-07,136.992,0,A,False
map_20260924T100133Z.jsonl,61,2,map,2026-09-24T10:11:25.417+00:00,read,33330.0,0.2,current_1e6,DC,1e-06,0.1,1.5,0.30000000000000004,-3.2416e-07,3.02274e-07,4.43195e-07,136.992,0,A,False
map_20260924T100133Z.jsonl,63,0,map,2026-09-24T10:11:29.518+00:00,read,70000.0,0.004,current_1e6,DC,1e-08,0.1,1.5,0.30000000000000004,1.72168e-09,7.48972e-10,1.87767e-09,23.52,0,A,False
map_20260924T100133Z.jsonl,63,1,map,2026-09-24T10:11:30.041+00:00,samples,70000.0,0.004,current_1e6,DC,1e-08,0.1,1.5,0.30000000000000004,1.72123e-09,7.53065e-10,1.87858e-09,23.634,0,A,False
map_20260924T100133Z.jsonl,63,2,map,2026-09-24T10:11:30.572+00:00,read,70000.0,0.004,current_1e6,DC,1e-08,0.1,1.5,0.30000000000000004,1.71759e-09,7.50337e-10,1.87448e-09,23.604,0,A,False
map_20260924T100133Z.jsonl,64,0,map,2026-09-24T10:11:34.610+00:00,read,70000.0,0.01,current_1e6,DC,1e-08,0.1,1.5,0.30000000000000004,4.33468e-09,1.80308e-09,4.69439e-09,22.59,0,A,False
map_20260924T100133Z.jsonl,64,1,map,2026-09-24T10:11:35.158+00:00,samples,70000.0,0.01,current_1e6,DC,1e-08,0.1,1.5,0.30000000000000004,4.33423e-09,1.79808e-09,4.69257e-09,22.53,0,A,False
map_20260924T100133Z.jsonl,64,2,map,2026-09-24T10:11:35.822+00:00,read,70000.0,0.01,current_1e6,DC,1e-08,0.1,1.5,0.30000000000000004,4.33832e-09,1.80308e-09,4.69802e-09,22.572,0,A,False
map_20260924T100133Z.jsonl,65,0,map,2026-09-24T10:11:39.848+00:00,read,70000.0,0.02,current_1e6,DC,2e-08,0.1,1.5,0.30000000000000004,8.72029e-09,3.48247e-09,9.39059e-09,21.774,0,A,False
map_20260924T100133Z.jsonl,65,1,map,2026-09-24T10:11:40.367+00:00,samples,70000.0,0.02,current_1e6,DC,2e-08,0.1,1.5,0.30000000000000004,8.72029e-09,3.4852e-09,9.3915e-09,21.786,0,A,False
map_20260924T100133Z.jsonl,65,2,map,2026-09-24T10:11:40.898+00:00,read,70000.0,0.02,current_1e6,DC,2e-08,0.1,1.5,0.30000000000000004,8.7212e-09,3.4852e-09,9.3915e-09,21.786,0,A,False
map_20260924T100133Z.jsonl,66,0,map,2026-09-24T10:11:44.950+00:00,read,70000.0,0.05,current_1e6,DC,5.0000000000000004e-08,0.1,1.5,0.30000000000000004,2.18116e-08,8.59842e-09,2.34451e-08,21.516,0,A,False
map_20260924T100133Z.jsonl,66,1,map,2026-09-24T10:11:45.485+00:00,samples,70000.0,0.05,current_1e6,DC,5.0000000000000004e-08,0.1,1.5,0.30000000000000004,2.18098e-08,8.60388e-09,2.34469e-08,21.528,0,A,False
map_20260924T100133Z.jsonl,66,2,map,2026-09-24T10:11:46.007+00:00,read,70000.0,0.05,current_1e6,DC,5.0000000000000004e-08,0.1,1.5,0.30000000000000004,2.1808e-08,8.59842e-09,2.34432e-08,21.522,0,A,False
map_20260924T100133Z.jsonl,67,0,map,2026-09-24T10:11:51.304+00:00,read,70000.0,0.1,current_1e6,DC,1.0000000000000001e-07,0.1,1.5,0.30000000000000004,4.36269e-08,1.71677e-08,4.68829e-08,21.48,0,A,False
map_20260924T100133Z.jsonl,67,1,map,2026-09-24T10:11:52.380+00:00,samples,70000.0,0.1,current_1e6,DC,1.0000000000000001e-07,0.1,1.5,0.30000000000000004,4.36269e-08,1.71677e-08,4.68829e-08,21.48,0,A,False
map_20260924T100133Z.jsonl,67,2,map,2026-09-24T10:11:53.094+00:00,read,70000.0,0.1,current_1e6,DC,1.0000000000000001e-07,0.1,1.5,0.30000000000000004,4.36232e-08,1.71641e-08,4.68792e-08,21.48,0,A,False
map_20260924T100133Z.jsonl,68,0,map,2026-09-24T10:11:58.245+00:00,read,70000.0,0.2,current_1e6,DC,2.0000000000000002e-07,0.1,1.5,0.30000000000000004,8.72246e-08,3.42045e-08,9.3693e-08,21.414,0,A,False
map_20260924T100133Z.jsonl,68,1,map,2026-09-24T10:11:58.851+00:00,samples,70000.0,0.2,current_1e6,DC,2.0000000000000002e-07,0.1,1.5,0.30000000000000004,8.72246e-08,3.42118e-08,9.3693e-08,21.414,0,A,False
map_20260924T100133Z.jsonl,68,2,map,2026-09-24T10:11:59.408+00:00,read,70000.0,0.2,current_1e6,DC,2.0000000000000002e-07,0.1,1.5,0.30000000000000004,8.72246e-08,3.42191e-08,9.37002e-08,21.42,0,A,False
map_20260924T100133Z.jsonl,69,0,map,2026-09-24T10:12:03.854+00:00,read,70000.0,0.5,current_1e6,DC,5e-07,0.1,1.5,0.30000000000000004,2.18221e-07,8.51874e-08,2.34258e-07,21.324,0,A,False
map_20260924T100133Z.jsonl,69,1,map,2026-09-24T10:12:04.469+00:00,samples,70000.0,0.5,current_1e6,DC,5e-07,0.1,1.5,0.30000000000000004,2.18221e-07,8.51874e-08,2.34258e-07,21.33,0,A,False
map_20260924T100133Z.jsonl,69,2,map,2026-09-24T10:12:05.051+00:00,read,70000.0,0.5,current_1e6,DC,5e-07,0.1,1.5,0.30000000000000004,2.18221e-07,8.51874e-08,2.34258e-07,21.33,0,A,False
map_20260924T100133Z.jsonl,70,0,map,2026-09-24T10:12:09.157+00:00,read,102000.0,0.004,current_1e6,DC,1e-08,0.1,1.5,0.30000000000000004,7.02133e-10,2.0009e-10,7.29873e-10,15.918,0,A,False
map_20260924T100133Z.jsonl,70,1,map,2026-09-24T10:12:09.716+00:00,samples,102000.0,0.004,current_1e6,DC,1e-08,0.1,1.5,0.30000000000000004,6.99405e-10,1.95088e-10,7.26235e-10,15.6,0,A,False
map_20260924T100133Z.jsonl,70,2,map,2026-09-24T10:12:10.239+00:00,read,102000.0,0.004,current_1e6,DC,1e-08,0.1,1.5,0.30000000000000004,6.9986e-10,1.97816e-10,7.27599e-10,15.786,0,A,False
map_20260924T100133Z.jsonl,71,0,map,2026-09-24T10:12:14.299+00:00,read,102000.0,0.01,current_1e6,DC,5e-09,0.1,1.5,0.30000000000000004,1.75738e-09,4.43153e-10,1.8124e-09,14.154,0,A,False
map_20260924T100133Z.jsonl,71,1,map,2026-09-24T10:12:14.819+00:00,samples,102000.0,0.01,current_1e6,DC,5e-09,0.1,1.5,0.30000000000000004,1.75852e-09,4.37469e-10,1.81218e-09,13.974,0,A,False
map_20260924T100133Z.jsonl,71,2,map,2026-09-24T10:12:15.340+00:00,read,102000.0,0.01,current_1e6,DC,5e-09,0.1,1.5,0.30000000000000004,1.75601e-09,4.3997e-10,1.81036e-09,14.07,0,A,False
map_20260924T100133Z.jsonl,72,0,map,2026-09-24T10:12:19.419+00:00,read,102000.0,0.02,current_1e6,DC,1e-08,0.1,1.5,0.30000000000000004,3.52385e-09,8.42196e-10,3.62344e-09,13.44,0,A,False
map_20260924T100133Z.jsonl,72,1,map,2026-09-24T10:12:19.954+00:00,samples,102000.0,0.02,current_1e6,DC,1e-08,0.1,1.5,0.30000000000000004,3.52976e-09,8.39012e-10,3.62799e-09,13.374,0,A,False
map_20260924T100133Z.jsonl,72,2,map,2026-09-24T10:12:20.469+00:00,read,102000.0,0.02,current_1e6,DC,1e-08,0.1,1.5,0.30000000000000004,3.52703e-09,8.4356e-10,3.62662e-09,13.458,0,A,False
map_20260924T100133Z.jsonl,73,0,map,2026-09-24T10:12:25.061+00:00,read,102000.0,0.05,current_1e6,DC,2e-08,0.1,1.5,0.30000000000000004,8.84035e-09,2.1155e-09,9.09046e-09,13.458,0,A,False
map_20260924T100133Z.jsonl,73,1,map,2026-09-24T10:12:25.571+00:00,samples,102000.0,0.05,current_1e6,DC,2e-08,0.1,1.5,0.30000000000000004,8.83853e-09,2.11914e-09,9.08955e-09,13.482,0,A,False
map_20260924T100133Z.jsonl,73,2,map,2026-09-24T10:12:26.131+00:00,read,102000.0,0.05,current_1e6,DC,2e-08,0.1,1.5,0.30000000000000004,8.83671e-09,2.11368e-09,9.08682e-09,13.458,0,A,False
map_20260924T100133Z.jsonl,74,0,map,2026-09-24T10:12:30.316+00:00,read,102000.0,0.1,current_1e6,DC,5.0000000000000004e-08,0.1,1.5,0.30000000000000004,1.76752e-08,4.2692e-09,1.81827e-08,13.578,0,A,False
map_20260924T100133Z.jsonl,74,1,map,2026-09-24T10:12:30.934+00:00,samples,102000.0,0.1,current_1e6,DC,5.0000000000000004e-08,0.1,1.5,0.30000000000000004,1.76752e-08,4.2692e-09,1.81827e-08,13.578,0,A,False
map_20260924T100133Z.jsonl,74,2,map,2026-09-24T10:12:31.606+00:00,read,102000.0,0.1,current_1e6,DC,5.0000000000000004e-08,0.1,1.5,0.30000000000000004,1.76752e-08,4.27283e-09,1.81846e-08,13.59,0,A,False
map_20260924T100133Z.jsonl,75,0,map,2026-09-24T10:12:35.990+00:00,read,102000.0,0.2,current_1e6,DC,1.0000000000000001e-07,0.1,1.5,0.30000000000000004,3.53505e-08,8.51657e-09,3.63655e-08,13.548,0,A,False
map_20260924T100133Z.jsonl,75,1,map,2026-09-24T10:12:36.572+00:00,samples,102000.0,0.2,current_1e6,DC,1.0000000000000001e-07,0.1,1.5,0.30000000000000004,3.53577e-08,8.51293e-09,3.63655e-08,13.542,0,A,False
map_20260924T100133Z.jsonl,75,2,map,2026-09-24T10:12:37.180+00:00,read,102000.0,0.2,current_1e6,DC,1.0000000000000001e-07,0.1,1.5,0.30000000000000004,3.53505e-08,8.51293e-09,3.63618e-08,13.542,0,A,False
map_20260924T100133Z.jsonl,76,0,map,2026-09-24T10:12:41.452+00:00,read,102000.0,0.5,current_1e6,DC,2.0000000000000002e-07,0.1,1.5,0.30000000000000004,8.84979e-08,2.10786e-08,9.09718e-08,13.398,0,A,False
map_20260924T100133Z.jsonl,76,1,map,2026-09-24T10:12:42.031+00:00,samples,102000.0,0.5,current_1e6,DC,2.0000000000000002e-07,0.1,1.5,0.30000000000000004,8.85052e-08,2.10713e-08,9.0979e-08,13.392,0,A,False
map_20260924T100133Z.jsonl,76,2,map,2026-09-24T10:12:42.624+00:00,read,102000.0,0.5,current_1e6,DC,2.0000000000000002e-07,0.1,1.5,0.30000000000000004,8.85052e-08,2.10713e-08,9.0979e-08,13.392,0,A,False
map_refine_20260924T101312Z.jsonl,0,0,map,2026-09-24T10:13:23.729+00:00,read,38000.0,0.004,current_1e6,DC,2e-08,0.1,1.5,0.30000000000000004,-3.62162e-09,1.001e-08,1.06448e-08,109.884,0,A,False
map_refine_20260924T101312Z.jsonl,0,1,map,2026-09-24T10:13:25.121+00:00,samples,38000.0,0.004,current_1e6,DC,2e-08,0.1,1.5,0.30000000000000004,-3.62708e-09,1.00163e-08,1.06521e-08,109.902,0,A,False
map_refine_20260924T101312Z.jsonl,0,2,map,2026-09-24T10:13:25.634+00:00,read,38000.0,0.004,current_1e6,DC,2e-08,0.1,1.5,0.30000000000000004,-3.61253e-09,1.00154e-08,1.06466e-08,109.83,0,A,False
map_refine_20260924T101312Z.jsonl,1,0,map,2026-09-24T10:13:29.853+00:00,read,38000.0,0.01,current_1e6,DC,5.0000000000000004e-08,0.1,1.5,0.30000000000000004,-8.86945e-09,2.49621e-08,2.64901e-08,109.56,0,A,False
map_refine_20260924T101312Z.jsonl,1,1,map,2026-09-24T10:13:30.395+00:00,samples,38000.0,0.01,current_1e6,DC,5.0000000000000004e-08,0.1,1.5,0.30000000000000004,-8.87127e-09,2.49639e-08,2.64919e-08,109.56,0,A,False
map_refine_20260924T101312Z.jsonl,1,2,map,2026-09-24T10:13:31.019+00:00,read,38000.0,0.01,current_1e6,DC,5.0000000000000004e-08,0.1,1.5,0.30000000000000004,-8.86399e-09,2.49676e-08,2.64955e-08,109.542,0,A,False
map_refine_20260924T101312Z.jsonl,2,0,map,2026-09-24T10:13:40.846+00:00,read,38000.0,0.02,current_1e6,DC,1.0000000000000001e-07,0.1,1.5,0.30000000000000004,-1.75752e-08,4.99533e-08,5.29546e-08,109.38,0,A,False
map_refine_20260924T101312Z.jsonl,2,1,map,2026-09-24T10:13:47.480+00:00,samples,38000.0,0.02,current_1e6,DC,1.0000000000000001e-07,0.1,1.5,0.30000000000000004,-1.75716e-08,4.99497e-08,5.2951e-08,109.38,0,A,False
map_refine_20260924T101312Z.jsonl,2,2,map,2026-09-24T10:13:48.234+00:00,read,38000.0,0.02,current_1e6,DC,1.0000000000000001e-07,0.1,1.5,0.30000000000000004,-1.75788e-08,4.99533e-08,5.29583e-08,109.386,0,A,False
map_refine_20260924T101312Z.jsonl,3,0,map,2026-09-24T10:13:53.671+00:00,read,38000.0,0.05,current_1e6,DC,5e-07,0.1,1.5,0.30000000000000004,-4.37724e-08,1.24682e-07,1.32132e-07,109.332,0,A,False
map_refine_20260924T101312Z.jsonl,3,1,map,2026-09-24T10:13:54.234+00:00,samples,38000.0,0.05,current_1e6,DC,5e-07,0.1,1.5,0.30000000000000004,-4.37433e-08,1.24711e-07,1.32132e-07,109.326,0,A,False
map_refine_20260924T101312Z.jsonl,3,2,map,2026-09-24T10:13:54.784+00:00,read,38000.0,0.05,current_1e6,DC,5e-07,0.1,1.5,0.30000000000000004,-4.37433e-08,1.24711e-07,1.32132e-07,109.314,0,A,False
map_refine_20260924T101312Z.jsonl,4,0,map,2026-09-24T10:13:59.003+00:00,read,38000.0,0.1,current_1e6,DC,5e-07,0.1,1.5,0.30000000000000004,-8.7341e-08,2.4916e-07,2.64032e-07,109.314,0,A,False
map_refine_20260924T101312Z.jsonl,4,1,map,2026-09-24T10:13:59.604+00:00,samples,38000.0,0.1,current_1e6,DC,5e-07,0.1,1.5,0.30000000000000004,-8.7341e-08,2.4916e-07,2.64032e-07,109.308,0,A,False
map_refine_20260924T101312Z.jsonl,4,2,map,2026-09-24T10:14:00.163+00:00,read,38000.0,0.1,current_1e6,DC,5e-07,0.1,1.5,0.30000000000000004,-8.7341e-08,2.4916e-07,2.64032e-07,109.308,0,A,False
map_refine_20260924T101312Z.jsonl,5,0,map,2026-09-24T10:14:04.272+00:00,read,38000.0,0.2,current_1e6,DC,1e-06,0.1,1.5,0.30000000000000004,-1.74275e-07,4.98203e-07,5.27772e-07,109.272,0,A,False
map_refine_20260924T101312Z.jsonl,5,1,map,2026-09-24T10:14:04.800+00:00,samples,38000.0,0.2,current_1e6,DC,1e-06,0.1,1.5,0.30000000000000004,-1.74216e-07,4.98203e-07,5.27772e-07,109.272,0,A,False
map_refine_20260924T101312Z.jsonl,5,2,map,2026-09-24T10:14:05.313+00:00,read,38000.0,0.2,current_1e6,DC,1e-06,0.1,1.5,0.30000000000000004,-1.74275e-07,4.98203e-07,5.27772e-07,109.272,0,A,False
pilot_20260924T094813Z.jsonl,0,0,pilot,2026-09-24T09:48:34.864+00:00,read,13.033,0.004,current_1e6,DC,1e-06,0.1,1.5,0.30000000000000004,-4.01636e-09,0.0,3.95815e-09,180.0,0,A,False
pilot_20260924T094813Z.jsonl,0,1,pilot,2026-09-24T09:48:36.169+00:00,samples,13.033,0.004,current_1e6,DC,1e-06,0.1,1.5,0.30000000000000004,-4.01636e-09,0.0,3.95815e-09,180.0,0,A,False
pilot_20260924T094813Z.jsonl,0,2,pilot,2026-09-24T09:48:37.920+00:00,read,13.033,0.004,current_1e6,DC,1e-06,0.1,1.5,0.30000000000000004,-4.01636e-09,0.0,3.95815e-09,180.0,0,A,False
pilot_20260924T094813Z.jsonl,1,0,pilot,2026-09-24T09:48:42.200+00:00,read,13.033,0.01,current_1e6,DC,1e-06,0.1,1.5,0.30000000000000004,-9.95357e-09,0.0,9.89536e-09,180.0,0,A,False
pilot_20260924T094813Z.jsonl,1,1,pilot,2026-09-24T09:48:42.776+00:00,samples,13.033,0.01,current_1e6,DC,1e-06,0.1,1.5,0.30000000000000004,-9.95357e-09,0.0,9.89536e-09,180.0,0,A,False
pilot_20260924T094813Z.jsonl,1,2,pilot,2026-09-24T09:48:43.424+00:00,read,13.033,0.01,current_1e6,DC,1e-06,0.1,1.5,0.30000000000000004,-9.95357e-09,0.0,9.89536e-09,180.0,0,A,False
pilot_20260924T094813Z.jsonl,2,0,pilot,2026-09-24T09:48:47.692+00:00,read,13.033,0.02,current_1e6,DC,1e-06,0.1,1.5,0.30000000000000004,-1.98489e-08,0.0,1.97907e-08,180.0,0,A,False
pilot_20260924T094813Z.jsonl,2,1,pilot,2026-09-24T09:48:48.316+00:00,samples,13.033,0.02,current_1e6,DC,1e-06,0.1,1.5,0.30000000000000004,-1.98489e-08,0.0,1.97907e-08,180.0,0,A,False
pilot_20260924T094813Z.jsonl,2,2,pilot,2026-09-24T09:48:49.047+00:00,read,13.033,0.02,current_1e6,DC,1e-06,0.1,1.5,0.30000000000000004,-1.98489e-08,0.0,1.97907e-08,180.0,0,A,False
