source,series,frequency_hz,sine_v_rms,input_mode,coupling,sensitivity_a,time_constant_s,settling_s,n,current_rms_a,current_sd_a,g_magnitude_s,g_sd_s,g_real_s,g_imag_s,phase_deg,pair_difference_fraction
coupling_20260924T101535Z.jsonl,coupling,0.04,0.1,current_1e6,DC,2.0000000000000002e-07,0.30000000000000004,75.0,3,9.8597e-08,0.0,9.8597e-07,0.0,9.860419999999999e-07,0.0,0.0,7.302453421495868e-05
coupling_20260924T101535Z.jsonl,coupling,0.04,0.1,current_1e6,AC,2.0000000000000002e-07,0.30000000000000004,75.0,3,2.3727e-08,0.0,2.3727e-07,0.0,5.73348e-08,2.30358e-07,76.0233957833089,0.0004886677781834641
coupling_20260924T101535Z.jsonl,coupling,0.08,0.1,current_1e6,DC,2.0000000000000002e-07,0.30000000000000004,37.5,3,9.8597e-08,0.0,9.8597e-07,0.0,9.860419999999999e-07,0.0,0.0,7.302453421495868e-05
coupling_20260924T101535Z.jsonl,coupling,0.08,0.1,current_1e6,AC,2.0000000000000002e-07,0.30000000000000004,37.5,3,4.38451e-08,0.0,4.38451e-07,0.0,1.95215e-07,3.92613e-07,63.56252047688955,3.7932717065090135e-05
coupling_20260924T101535Z.jsonl,coupling,0.16,0.1,current_1e6,DC,2.0000000000000002e-07,0.30000000000000004,18.75,3,9.8597e-08,0.0,9.8597e-07,0.0,9.860419999999999e-07,0.0,0.0,7.302453421495868e-05
coupling_20260924T101535Z.jsonl,coupling,0.16,0.1,current_1e6,AC,2.0000000000000002e-07,0.30000000000000004,18.75,3,6.94713e-08,0.0,6.94713e-07,0.0,4.89965e-07,4.92585e-07,45.152780608146145,8.239069146392669e-05
coupling_20260924T101535Z.jsonl,coupling,0.32,0.1,current_1e6,DC,2.0000000000000002e-07,0.30000000000000004,9.375,3,9.8597e-08,0.0,9.8597e-07,0.0,9.860419999999999e-07,0.0,0.0,7.302453421495868e-05
coupling_20260924T101535Z.jsonl,coupling,0.32,0.1,current_1e6,AC,2.0000000000000002e-07,0.30000000000000004,15,3,8.802256666666666e-08,4.214656965082934e-12,8.802256666666666e-07,4.214656965082934e-11,7.865839999999998e-07,3.95305e-07,26.682234641969377,0.00011822254099468046
coupling_20260924T101535Z.jsonl,coupling,0.64,0.1,current_1e6,DC,2.0000000000000002e-07,0.30000000000000004,4.6875,3,9.8597e-08,0.0,9.8597e-07,0.0,9.860419999999999e-07,0.0,0.0,7.302453421495868e-05
coupling_20260924T101535Z.jsonl,coupling,0.64,0.1,current_1e6,AC,2.0000000000000002e-07,0.30000000000000004,15,3,9.555803333333334e-08,4.214656965082935e-12,9.555803333333334e-07,4.2146569650829346e-11,9.268403333333332e-07,2.32977e-07,14.109931493504167,9.719492801533104e-05
coupling_20260924T101535Z.jsonl,coupling,1.28,0.1,current_1e6,DC,2.0000000000000002e-07,0.30000000000000004,4.500000000000001,3,9.8597e-08,0.0,9.8597e-07,0.0,9.860419999999999e-07,0.0,0.0,7.302453421495868e-05
coupling_20260924T101535Z.jsonl,coupling,1.28,0.1,current_1e6,AC,2.0000000000000002e-07,0.30000000000000004,15,3,9.776993333333333e-08,4.214656965082934e-12,9.776993333333333e-07,4.214656965082934e-11,9.701079999999998e-07,1.2197e-07,7.16609747408017,4.719343728183224e-05
coupling_20260924T101535Z.jsonl,coupling,3.1,0.1,current_1e6,DC,2.0000000000000002e-07,0.1,1.5,3,9.8597e-08,0.0,9.8597e-07,0.0,9.860419999999999e-07,-2.4253366666666665e-11,-0.0014092863678251393,7.302483673548901e-05
coupling_20260924T101535Z.jsonl,coupling,3.1,0.1,current_1e6,AC,2.0000000000000002e-07,0.1,15,3,9.84223e-08,0.0,9.842229999999998e-07,0.0,9.829139999999997e-07,5.0980466666666665e-08,2.9690802229752293,1.2400963007314244e-05
coupling_20260924T101535Z.jsonl,coupling,13.033,0.1,current_1e6,DC,2.0000000000000002e-07,0.1,1.5,3,9.8597e-08,0.0,9.8597e-07,0.0,9.860419999999999e-07,-1.4551999999999998e-10,-0.008455706525901163,7.303542492666685e-05
coupling_20260924T101535Z.jsonl,coupling,13.033,0.1,current_1e6,AC,2.0000000000000002e-07,0.1,15,3,9.85533e-08,0.0,9.85533e-07,0.0,9.85533e-07,1.20054e-08,0.6979215613436809,7.419332268993967e-05
frequency_20260924T094934Z.jsonl,frequency,0.1,0.1,current_1e6,DC,2.0000000000000002e-07,0.30000000000000004,30.0,3,9.86285e-08,4.156921938160849e-12,9.86285e-07,4.156921938160849e-11,9.863573333333332e-07,0.0,0.0,7.333918018948474e-05
frequency_20260924T094934Z.jsonl,frequency,0.2,0.1,current_1e6,DC,2.0000000000000002e-07,0.30000000000000004,15.0,3,9.86261e-08,0.0,9.86261e-07,0.0,9.863329999999998e-07,0.0,0.0,7.300298805277996e-05
frequency_20260924T094934Z.jsonl,frequency,0.5,0.1,current_1e6,DC,2.0000000000000002e-07,0.30000000000000004,6.0,3,9.86261e-08,0.0,9.86261e-07,0.0,9.863329999999998e-07,0.0,0.0,7.300298805277996e-05
frequency_20260924T094934Z.jsonl,frequency,1.0,0.1,current_1e6,DC,2.0000000000000002e-07,0.30000000000000004,4.500000000000001,3,9.86261e-08,0.0,9.86261e-07,0.0,9.863329999999998e-07,0.0,0.0,7.300298805277996e-05
frequency_20260924T094934Z.jsonl,frequency,2.0,0.1,current_1e6,DC,2.0000000000000002e-07,0.30000000000000004,4.500000000000001,3,9.86261e-08,0.0,9.86261e-07,0.0,9.863329999999998e-07,0.0,0.0,7.300298805277996e-05
frequency_20260924T094934Z.jsonl,frequency,5.0,0.1,current_1e6,DC,2.0000000000000002e-07,0.1,1.5,3,9.86261e-08,0.0,9.86261e-07,0.0,9.863329999999998e-07,0.0,0.0,7.300298805277996e-05
frequency_20260924T094934Z.jsonl,frequency,13.033,0.1,current_1e6,DC,2.0000000000000002e-07,0.1,1.5,3,9.86261e-08,0.0,9.86261e-07,0.0,9.863329999999998e-07,-9.701340000000001e-11,-0.005635478442158848,7.30078255200656e-05
frequency_20260924T094934Z.jsonl,frequency,31.0,0.1,current_1e6,DC,2.0000000000000002e-07,0.1,1.5,3,9.86261e-08,0.0,9.86261e-07,0.0,9.863329999999998e-07,-2.91041e-10,-0.01690648136207435,7.304652549573728e-05
frequency_20260924T094934Z.jsonl,frequency,73.0,0.1,current_1e6,DC,2.0000000000000002e-07,0.1,1.5,3,9.86261e-08,0.0,9.86261e-07,0.0,9.863329999999998e-07,-6.54841e-10,-0.03803950596751785,7.322339549709056e-05
frequency_20260924T094934Z.jsonl,frequency,173.0,0.1,current_1e6,DC,2.0000000000000002e-07,0.1,1.5,3,9.86261e-08,0.0,9.86261e-07,0.0,9.863329999999998e-07,-1.3824399999999998e-09,-0.08030546028865339,7.398529439952217e-05
frequency_20260924T094934Z.jsonl,frequency,333.0,0.1,current_1e6,DC,2.0000000000000002e-07,0.1,1.5,3,9.86261e-08,0.0,9.86261e-07,0.0,9.863329999999998e-07,-2.8376399999999997e-09,-0.1648371769107868,7.714172931456231e-05
frequency_20260924T094934Z.jsonl,frequency,733.0,0.1,current_1e6,DC,2.0000000000000002e-07,0.1,1.5,3,9.86479e-08,0.0,9.86479e-07,0.0,9.865519999999997e-07,-6.1845999999999995e-09,-0.3591770491377003,9.365140269451066e-05
frequency_20260924T094934Z.jsonl,frequency,1033.0,0.1,current_1e6,DC,2.0000000000000002e-07,0.1,1.5,3,9.8677e-08,0.0,9.8677e-07,0.0,9.868429999999997e-07,-8.731179999999998e-09,-0.5069162079168376,0.00011312077239760338
frequency_20260924T094934Z.jsonl,frequency,1733.0,0.1,current_1e6,DC,2.0000000000000002e-07,0.1,1.5,3,9.87934e-08,0.0,9.87934e-07,0.0,9.878609999999999e-07,-1.4624699999999997e-08,-0.8481682928042099,3.567961215999776e-05
frequency_20260924T094934Z.jsonl,frequency,3333.0,0.1,current_1e6,DC,2.0000000000000002e-07,0.1,1.5,3,9.922999999999998e-08,1.6209363407021978e-23,9.922999999999998e-07,1.6209363407021977e-22,9.920089999999998e-07,-2.8521899999999997e-08,-1.6468947491549424,0.00011986415808864277
frequency_20260924T094934Z.jsonl,frequency,7333.0,0.1,current_1e6,DC,2.0000000000000002e-07,0.1,1.5,3,1.0164333333333333e-07,4.6188021535146025e-12,1.0164333333333333e-06,4.618802153514602e-11,1.0143966666666666e-06,-6.628429999999999e-08,-3.738595850488339,0.00012460529840089085
frequency_20260924T094934Z.jsonl,frequency,10330.0,0.1,current_1e6,DC,2.0000000000000002e-07,0.1,1.5,3,1.05094e-07,0.0,1.05094e-06,0.0,1.04651e-06,-9.657676666666664e-08,-5.272584579806076,1.6011263438078118e-05
frequency_20260924T094934Z.jsonl,frequency,17330.0,0.1,current_1e6,DC,2.0000000000000002e-07,0.1,1.5,3,1.1873e-07,0.0,1.1873e-06,0.0,1.1678699999999999e-06,-2.1459333333333328e-07,-10.411821142500791,0.00010262275849253025
frequency_20260924T094934Z.jsonl,frequency,23330.0,0.1,current_1e6,DC,2.0000000000000002e-07,0.1,1.5,3,1.4101633333333334e-07,7.505553499473645e-12,1.4101633333333332e-06,7.505553499473645e-11,1.3481466666666665e-06,-4.138103333333333e-07,-17.06374050509972,4.4704738583189994e-05
frequency_20260924T094934Z.jsonl,frequency,53330.0,0.1,current_1e6,DC,2.0000000000000002e-07,0.1,1.5,3,1.09576e-07,0.0,1.09576e-06,0.0,-8.836939999999999e-07,-6.478803333333332e-07,-143.75299038581156,-1.0812859587284267e-05
frequency_20260924T094934Z.jsonl,frequency,63330.0,0.1,current_1e6,DC,2.0000000000000002e-07,0.1,1.5,3,6.24864e-08,7.29999999999769e-12,6.24864e-07,7.29999999999769e-11,-5.660719999999999e-07,-2.64579e-07,-154.9488668799063,-1.9800262956918047e-05
frequency_20260924T094934Z.jsonl,frequency,70000.0,0.1,current_1e6,DC,2.0000000000000002e-07,0.1,1.5,3,4.679433333333333e-08,4.214656965082934e-12,4.679433333333333e-07,4.214656965082934e-11,-4.357833333333332e-07,-1.7047699999999997e-07,-158.63472691205786,-3.2928415557198278e-06
frequency_20260924T094934Z.jsonl,frequency,80000.0,0.1,current_1e6,DC,2.0000000000000002e-07,0.1,1.5,3,3.28633e-08,1.1096395811254049e-11,3.28633e-07,1.1096395811254048e-10,-3.1265033333333327e-07,-1.0135466666666667e-07,-162.0383955308592,0.00010809959942722123
frequency_20260924T094934Z.jsonl,frequency,90000.0,0.1,current_1e6,DC,2.0000000000000002e-07,0.1,1.5,3,2.4507933333333334e-08,4.2146569650848445e-12,2.4507933333333334e-07,4.214656965084844e-11,-2.360816666666667e-07,-6.582343333333333e-08,-164.4206595349631,2.8286856834815694e-05
frequency_20260924T094934Z.jsonl,frequency,102000.0,0.1,current_1e6,DC,2.0000000000000002e-07,0.1,1.5,3,1.81536e-08,0.0,1.81536e-07,0.0,-1.7649166666666665e-07,-4.2685933333333323e-08,-166.4036479451065,0.00024390676725613266
frequency_refine_20260924T095456Z.jsonl,frequency,25000.0,0.1,current_1e6,DC,1e-06,0.1,1.5,3,1.49886e-07,0.0,1.49886e-06,0.0,1.41271e-06,-5.034989999999999e-07,-19.61639686212108,0.0005961700616791676
frequency_refine_20260924T095456Z.jsonl,frequency,28000.0,0.1,current_1e6,DC,1e-06,0.1,1.5,3,1.70142e-07,0.0,1.7014199999999998e-06,0.0,1.5359166666666667e-06,-7.330330000000001e-07,-25.513319387238017,0.0002672286285496882
frequency_refine_20260924T095456Z.jsonl,frequency,30000.0,0.1,current_1e6,DC,1e-06,0.1,1.5,3,1.8717766666666667e-07,6.697263122599612e-11,1.8717766666666667e-06,6.697263122599612e-10,1.6086733333333332e-06,-9.577146666666664e-07,-30.767216849473787,0.00021395823743595478
frequency_refine_20260924T095456Z.jsonl,frequency,33330.0,0.1,current_1e6,DC,1e-06,0.1,1.5,3,2.2192766666666666e-07,3.348631561299042e-11,2.2192766666666665e-06,3.3486315612990417e-10,1.62226e-06,-1.5145699999999997e-06,-43.03376015391877,4.67858710844522e-05
frequency_refine_20260924T095456Z.jsonl,frequency,36000.0,0.1,current_1e6,DC,1e-06,0.1,1.5,3,2.5068266666666665e-07,3.34863156130057e-11,2.5068266666666664e-06,3.34863156130057e-10,1.3537266666666666e-06,-2.109843333333333e-06,-57.31478459620679,-1.3140818880025691e-05
frequency_refine_20260924T095456Z.jsonl,frequency,38000.0,0.1,current_1e6,DC,1e-06,0.1,1.5,3,2.64206e-07,0.0,2.64206e-06,0.0,8.69627e-07,-2.4951866666666666e-06,-70.78543925149403,0.00012366413418363152
frequency_refine_20260924T095456Z.jsonl,frequency,40000.0,0.1,current_1e6,DC,1e-06,0.1,1.5,3,2.627316666666667e-07,3.34863156130057e-11,2.6273166666666665e-06,3.34863156130057e-10,1.9848899999999995e-07,-2.619753333333333e-06,-85.6671893765416,-2.0821956460843923e-05
frequency_refine_20260924T095456Z.jsonl,frequency,42000.0,0.1,current_1e6,DC,1e-06,0.1,1.5,3,2.44823e-07,0.0,2.44823e-06,0.0,-4.30739e-07,-2.409819999999999e-06,-100.13421043896301,-8.856285274575225e-05
frequency_refine_20260924T095456Z.jsonl,frequency,43330.0,0.1,current_1e6,DC,1e-06,0.1,1.5,3,2.2693333333333333e-07,3.406366588219598e-11,2.269333333333333e-06,3.406366588219598e-10,-7.293469999999998e-07,-2.148843333333333e-06,-108.7479194228626,-3.874540483041066e-05
frequency_refine_20260924T095456Z.jsonl,frequency,46000.0,0.1,current_1e6,DC,1e-06,0.1,1.5,3,1.87604e-07,0.0,1.8760399999999997e-06,0.0,-1.0134e-06,-1.57918e-06,-122.68932231782722,0.00017940448392268231
frequency_refine_20260924T095456Z.jsonl,frequency,49000.0,0.1,current_1e6,DC,1e-06,0.1,1.5,3,1.49245e-07,0.0,1.49245e-06,0.0,-1.03028e-06,-1.07976e-06,-133.6566720564951,-1.0879637981765706e-05
frequency_refine_20260924T095456Z.jsonl,frequency,57000.0,0.1,current_1e6,DC,1e-06,0.1,1.5,3,8.74284e-08,0.0,8.74284e-07,0.0,-7.49719e-07,-4.48783e-07,-149.09519296182282,-0.0005808754913800944
frequency_refine_20260924T095456Z.jsonl,frequency,60000.0,0.1,current_1e6,DC,1e-06,0.1,1.5,3,7.39824e-08,0.0,7.39824e-07,0.0,-6.548409999999999e-07,-3.44398e-07,-152.25894464679038,7.962446591084481e-05
high_gain_20260924T100005Z.jsonl,high_gain,13.033,0.004,current_1e8,DC,1e-08,0.1,1.5,3,3.872203333333333e-09,7.909698687897672e-13,9.680508333333332e-07,1.977424671974418e-10,9.679366666666665e-07,-1.667418333333333e-08,-0.986909453377609,3.041346704732805e-05
high_gain_20260924T100005Z.jsonl,high_gain,73.0,0.004,current_1e8,DC,1e-08,0.1,1.5,3,3.85583e-09,0.0,9.639575e-07,0.0,9.59525e-07,-9.409533333333334e-08,-5.600773869132377,0.00017652908554419315
high_gain_20260924T100005Z.jsonl,high_gain,173.0,0.004,current_1e8,DC,1e-08,0.1,1.5,3,3.776556666666666e-09,2.655811238273571e-13,9.441391666666665e-07,6.639528095683927e-11,9.198066666666666e-07,-2.1323958333333332e-07,-13.052355455168234,6.543317004246692e-05
high_gain_20260924T100005Z.jsonl,high_gain,333.0,0.004,current_1e8,DC,1e-08,0.1,1.5,3,3.5512899999999996e-09,2.598076211355307e-13,8.878224999999999e-07,6.495190528388267e-11,8.106283333333333e-07,-3.623225e-07,-24.08297230360541,0.00010598981522971489
high_gain_20260924T100005Z.jsonl,high_gain,533.0,0.004,current_1e8,DC,1e-08,0.1,1.5,3,3.18279e-09,0.0,7.956975e-07,0.0,6.457066666666667e-07,-4.651699999999999e-07,-35.769148536978335,0.0001466537924539687
high_gain_20260924T100005Z.jsonl,high_gain,700.0,0.004,current_1e8,DC,1e-08,0.1,1.5,3,2.8664366666666666e-09,5.25388744962649e-13,7.166091666666667e-07,1.3134718624066226e-10,5.181499999999999e-07,-4.951091666666666e-07,-43.69735692310709,8.160035421817316e-05
high_gain_20260924T100005Z.jsonl,high_gain,933.0,0.004,current_1e8,DC,1e-08,0.1,1.5,3,2.4685333333333332e-09,2.655811238271183e-13,6.171333333333333e-07,6.639528095677958e-11,3.766475e-07,-4.8897e-07,-52.39338751175864,0.00013317755594610925
high_gain_20260924T100005Z.jsonl,high_gain,1333.0,0.004,current_1e8,DC,1e-08,0.1,1.5,3,1.94224e-09,0.0,4.8556e-07,0.0,2.2157649999999999e-07,-4.3212499999999996e-07,-62.853054632399925,0.00012648763876462284
high_gain_20260924T100005Z.jsonl,high_gain,2333.0,0.004,current_1e8,DC,1e-08,0.1,1.5,3,1.21691e-09,0.0,3.042275e-07,0.0,6.809874999999999e-08,-2.963825e-07,-77.0599461455702,-0.00040171324623790257
high_gain_20260924T100005Z.jsonl,high_gain,3333.0,0.004,current_1e8,DC,1e-08,0.1,1.5,3,8.7039e-10,0.0,2.175975e-07,0.0,1.9895299999999997e-08,-2.1668800000000001e-07,-84.75407205787197,8.873491865875416e-06
high_gain_20260924T100005Z.jsonl,high_gain,7333.0,0.004,current_1e8,DC,1e-08,0.1,1.5,3,3.886593333333333e-10,2.626943724812648e-13,9.716483333333333e-08,6.567359312031619e-11,-1.8531075e-08,-9.534583333333333e-08,-100.99868118002233,-0.00035893310304292725
high_gain_20260924T100005Z.jsonl,high_gain,10330.0,0.004,current_1e8,DC,1e-08,0.1,1.5,3,2.70576e-10,0.0,6.7644e-08,0.0,-2.2623791666666666e-08,-6.374083333333333e-08,-109.54150614220505,-0.00010719702714012273
map_20260924T100133Z.jsonl,map,0.2,0.004,current_1e6,DC,1e-08,0.30000000000000004,15.0,3,3.956936666666667e-09,1.3900479608028766e-12,9.892341666666666e-07,3.4751199020071915e-10,9.893475e-07,7.579158333333332e-11,0.004389294801997285,0.00011456967446090887
map_20260924T100133Z.jsonl,map,0.2,0.01,current_1e6,DC,2e-08,0.30000000000000004,15.0,3,9.880203333333332e-09,2.7800959216066554e-12,9.880203333333332e-07,2.7800959216066554e-10,9.881113333333333e-07,3.334833333333333e-10,0.019337078897820097,9.216032456331325e-05
map_20260924T100133Z.jsonl,map,0.2,0.02,current_1e6,DC,5.0000000000000004e-08,0.30000000000000004,15.0,3,1.9748899999999998e-08,1.799999999999725e-12,9.874449999999998e-07,8.999999999998625e-11,9.87535e-07,-3.031666666666666e-11,-0.0017589422636759833,9.114478816613156e-05
map_20260924T100133Z.jsonl,map,0.2,0.05,current_1e6,DC,1.0000000000000001e-07,0.30000000000000004,15.0,3,4.9339699999999994e-08,2.0784609690804247e-12,9.867939999999999e-07,4.156921938160849e-11,9.868666666666664e-07,0.0,0.0,7.363914521833476e-05
map_20260924T100133Z.jsonl,map,0.2,0.1,current_1e6,DC,2.0000000000000002e-07,0.30000000000000004,15.0,3,9.8597e-08,0.0,9.8597e-07,0.0,9.860419999999999e-07,0.0,0.0,7.302453421495868e-05
map_20260924T100133Z.jsonl,map,0.2,0.2,current_1e6,DC,5e-07,0.30000000000000004,15.0,3,1.9702433333333335e-07,1.6743157806487567e-11,9.851216666666667e-07,8.371578903243782e-11,9.852666666666665e-07,0.0,0.0,0.0001471899410054931
map_20260924T100133Z.jsonl,map,0.2,0.5,current_1e6,DC,1e-06,0.30000000000000004,15.0,3,4.92324e-07,0.0,9.84648e-07,0.0,9.847639999999997e-07,0.0,0.0,0.00011780859759001584
map_20260924T100133Z.jsonl,map,1.0,0.004,current_1e6,DC,1e-08,0.30000000000000004,4.500000000000001,3,3.957543333333333e-09,1.894316059513974e-12,9.893858333333333e-07,4.735790148784935e-10,9.894991666666666e-07,-6.063334166666666e-10,-0.03510901532299736,0.00011473694118750949
map_20260924T100133Z.jsonl,map,1.0,0.01,current_1e6,DC,2e-08,0.30000000000000004,4.500000000000001,3,9.88172e-09,9.099999999997415e-13,9.88172e-07,9.099999999997415e-11,9.88263e-07,3.031673333333333e-11,0.0017576504109520408,9.20897020052129e-05
map_20260924T100133Z.jsonl,map,1.0,0.02,current_1e6,DC,5.0000000000000004e-08,0.30000000000000004,4.500000000000001,3,1.9751300000000002e-08,2.078460969082335e-12,9.875650000000002e-07,1.0392304845411676e-10,9.87655e-07,-6.063333333333332e-11,-0.0035174571013617964,9.113512647417129e-05
map_20260924T100133Z.jsonl,map,1.0,0.05,current_1e6,DC,1.0000000000000001e-07,0.30000000000000004,4.500000000000001,3,4.9339699999999994e-08,2.0784609690804247e-12,9.867939999999999e-07,4.156921938160849e-11,9.868666666666664e-07,-2.42534e-11,-0.0014081106450342703,7.363944723464288e-05
map_20260924T100133Z.jsonl,map,1.0,0.1,current_1e6,DC,2.0000000000000002e-07,0.30000000000000004,4.500000000000001,3,9.8597e-08,0.0,9.8597e-07,0.0,9.860419999999999e-07,0.0,0.0,7.302453421495868e-05
map_20260924T100133Z.jsonl,map,1.0,0.2,current_1e6,DC,5e-07,0.30000000000000004,4.500000000000001,3,1.97063e-07,0.0,9.85315e-07,0.0,9.854599999999999e-07,0.0,0.0,0.0001471610601686081
map_20260924T100133Z.jsonl,map,1.0,0.5,current_1e6,DC,1e-06,0.30000000000000004,4.500000000000001,3,4.9244e-07,0.0,9.8488e-07,0.0,9.849979999999998e-07,-3.88054e-11,-0.002257248888999445,0.00011981232677779761
map_20260924T100133Z.jsonl,map,13.033,0.004,current_1e6,DC,1e-08,0.1,1.5,3,3.96012e-09,9.463614531454846e-13,9.900299999999998e-07,2.3659036328637116e-10,9.901433333333333e-07,6.82125e-10,0.03947193916442366,0.00011471197490719578
map_20260924T100133Z.jsonl,map,13.033,0.01,current_1e6,DC,2e-08,0.1,1.5,3,9.886259999999998e-09,1.576166234887708e-12,9.886259999999998e-07,1.576166234887708e-10,9.887169999999998e-07,1.8190006666666664e-10,0.010541040556157346,9.206386703465321e-05
map_20260924T100133Z.jsonl,map,13.033,0.02,current_1e6,DC,5.0000000000000004e-08,0.1,1.5,3,1.975493333333333e-08,1.0969655114603866e-12,9.877466666666666e-07,5.484827557301933e-11,9.8784e-07,0.0,0.0,9.449116507609438e-05
map_20260924T100133Z.jsonl,map,13.033,0.05,current_1e6,DC,1.0000000000000001e-07,0.1,1.5,3,4.93506e-08,2.0784609690804247e-12,9.87012e-07,4.156921938160849e-11,9.870846666666665e-07,-2.42534e-11,-0.0014077996604441331,7.362318252316326e-05
map_20260924T100133Z.jsonl,map,13.033,0.1,current_1e6,DC,2.0000000000000002e-07,0.1,1.5,3,9.85994e-08,4.156921938160849e-12,9.85994e-07,4.156921938160849e-11,9.860663333333332e-07,-9.701340000000001e-11,-0.005637002471720294,7.336566513451967e-05
map_20260924T100133Z.jsonl,map,13.033,0.2,current_1e6,DC,5e-07,0.1,1.5,3,1.97063e-07,0.0,9.85315e-07,0.0,9.854599999999999e-07,-1.455205e-10,-0.00846072942791209,0.0001471719646311438
map_20260924T100133Z.jsonl,map,13.033,0.5,current_1e6,DC,1e-06,0.1,1.5,3,4.9244e-07,0.0,9.8488e-07,0.0,9.849979999999998e-07,-1.1641619999999997e-10,-0.006771746638970918,0.00011981853583491502
map_20260924T100133Z.jsonl,map,73.0,0.004,current_1e6,DC,1e-08,0.1,1.5,3,3.9634566666666666e-09,2.655811238268795e-13,9.908641666666665e-07,6.639528095671986e-11,9.909774999999998e-07,-2.273755e-10,-0.013146268493544831,0.00011440459985193338
map_20260924T100133Z.jsonl,map,73.0,0.01,current_1e6,DC,2e-08,0.1,1.5,3,9.88899e-09,0.0,9.88899e-07,0.0,9.889900000000001e-07,-4.850666666666667e-10,-0.02810166993997116,9.214182087124246e-05
map_20260924T100133Z.jsonl,map,73.0,0.02,current_1e6,DC,5.0000000000000004e-08,0.1,1.5,3,1.9758e-08,0.0,9.879e-07,0.0,9.879899999999998e-07,-5.457e-10,-0.03164637668477885,9.12548883396277e-05
map_20260924T100133Z.jsonl,map,73.0,0.05,current_1e6,DC,1.0000000000000001e-07,0.1,1.5,3,4.9353e-08,0.0,9.8706e-07,0.0,9.871339999999997e-07,-6.5484e-10,-0.03800858115782482,7.519016292095253e-05
map_20260924T100133Z.jsonl,map,73.0,0.1,current_1e6,DC,2.0000000000000002e-07,0.1,1.5,3,9.8597e-08,0.0,9.8597e-07,0.0,9.860419999999999e-07,-6.54841e-10,-0.03805073215563385,7.324507177619564e-05
map_20260924T100133Z.jsonl,map,73.0,0.2,current_1e6,DC,5e-07,0.1,1.5,3,1.97063e-07,0.0,9.85315e-07,0.0,9.854599999999999e-07,-5.820799999999999e-10,-0.0338427977395407,0.0001473355303554512
map_20260924T100133Z.jsonl,map,73.0,0.5,current_1e6,DC,1e-06,0.1,1.5,3,4.9244e-07,0.0,9.8488e-07,0.0,9.849979999999998e-07,-5.820799999999999e-10,-0.03385867124275233,0.00011998617976108397
map_20260924T100133Z.jsonl,map,333.0,0.004,current_1e6,DC,1e-08,0.1,1.5,3,3.96361e-09,0.0,9.909024999999999e-07,0.0,9.910149999999997e-07,-2.6526999999999997e-09,-0.15336614614006172,0.00011711576245318606
map_20260924T100133Z.jsonl,map,333.0,0.01,current_1e6,DC,2e-08,0.1,1.5,3,9.8899e-09,0.0,9.889900000000001e-07,0.0,9.890809999999999e-07,-2.758813333333333e-09,-0.15981294812168126,9.590342599470379e-05
map_20260924T100133Z.jsonl,map,333.0,0.02,current_1e6,DC,5.0000000000000004e-08,0.1,1.5,3,1.97598e-08,0.0,9.879899999999998e-07,0.0,9.8808e-07,-2.8194449999999995e-09,-0.16349066941295462,9.51655138920892e-05
map_20260924T100133Z.jsonl,map,333.0,0.05,current_1e6,DC,1.0000000000000001e-07,0.1,1.5,3,4.935423333333333e-08,2.1361959960025094e-12,9.870846666666665e-07,4.2723919920050186e-11,9.87158e-07,-2.8376399999999997e-09,-0.16469941788790476,7.842468199360793e-05
map_20260924T100133Z.jsonl,map,333.0,0.1,current_1e6,DC,2.0000000000000002e-07,0.1,1.5,3,9.8597e-08,0.0,9.8597e-07,0.0,9.860419999999999e-07,-2.8376399999999997e-09,-0.16488582327035745,7.716571876602548e-05
map_20260924T100133Z.jsonl,map,333.0,0.2,current_1e6,DC,5e-07,0.1,1.5,3,1.9704366666666666e-07,1.674315780650285e-11,9.852183333333333e-07,8.371578903251425e-11,9.853633333333333e-07,-2.7648799999999997e-09,-0.16076865634043358,0.00015111274780586705
map_20260924T100133Z.jsonl,map,333.0,0.5,current_1e6,DC,1e-06,0.1,1.5,3,4.9244e-07,0.0,9.8488e-07,0.0,9.849979999999998e-07,-2.7939799999999995e-09,-0.16252097233376916,0.00012383498620379405
map_20260924T100133Z.jsonl,map,1033.0,0.004,current_1e6,DC,1e-08,0.1,1.5,3,3.96543e-09,0.0,9.913575e-07,0.0,9.9147e-07,-8.2992e-09,-0.4795889214747643,0.00014851760181492727
map_20260924T100133Z.jsonl,map,1033.0,0.01,current_1e6,DC,2e-08,0.1,1.5,3,9.89445e-09,0.0,9.89445e-07,0.0,9.89445e-07,-8.549289999999999e-09,-0.4950513118496136,3.732834026570424e-05
map_20260924T100133Z.jsonl,map,1033.0,0.02,current_1e6,DC,5.0000000000000004e-08,0.1,1.5,3,1.97689e-08,0.0,9.884450000000001e-07,0.0,9.885349999999998e-07,-8.64025e-09,-0.5007786805395062,0.0001292526704837152
map_20260924T100133Z.jsonl,map,1033.0,0.05,current_1e6,DC,1.0000000000000001e-07,0.1,1.5,3,4.93785e-08,0.0,9.875699999999999e-07,0.0,9.87644e-07,-8.731179999999998e-09,-0.5065051096669312,0.0001140100051434556
map_20260924T100133Z.jsonl,map,1033.0,0.1,current_1e6,DC,2.0000000000000002e-07,0.1,1.5,3,9.86552e-08,0.0,9.86552e-07,0.0,9.865519999999997e-07,-8.731179999999998e-09,-0.5070657235180904,3.916223065927022e-05
map_20260924T100133Z.jsonl,map,1033.0,0.2,current_1e6,DC,5e-07,0.1,1.5,3,1.9715e-07,0.0,9.857499999999998e-07,0.0,9.858949999999998e-07,-8.7312e-09,-0.5074047764538179,0.00018631651008787074
map_20260924T100133Z.jsonl,map,1033.0,0.5,current_1e6,DC,1e-06,0.1,1.5,3,4.927116666666666e-07,3.34863156130057e-11,9.854233333333333e-07,6.69726312260114e-11,9.85462e-07,-8.7312e-09,-0.5076277122682794,7.848926506518101e-05
map_20260924T100133Z.jsonl,map,3333.0,0.004,current_1e6,DC,1e-08,0.1,1.5,3,3.987556666666667e-09,2.655811238273571e-13,9.968891666666666e-07,6.639528095683927e-11,9.966616666666666e-07,-2.6906083333333335e-08,-1.5463930526401986,0.00013603812455879617
map_20260924T100133Z.jsonl,map,3333.0,0.01,current_1e6,DC,2e-08,0.1,1.5,3,9.950536666666665e-09,5.253887449619326e-13,9.950536666666665e-07,5.253887449619326e-11,9.946896666666668e-07,-2.7951999999999998e-08,-1.6096580842851416,2.8807734988967536e-05
map_20260924T100133Z.jsonl,map,3333.0,0.02,current_1e6,DC,5.0000000000000004e-08,0.1,1.5,3,1.98792e-08,1.0392304845402123e-12,9.939599999999999e-07,5.1961524227010615e-11,9.936899999999998e-07,-2.8194499999999998e-08,-1.6252478752288728,0.00013069778824981065
map_20260924T100133Z.jsonl,map,3333.0,0.05,current_1e6,DC,1.0000000000000001e-07,0.1,1.5,3,4.9655e-08,0.0,9.930999999999999e-07,0.0,9.928079999999998e-07,-2.83764e-08,-1.6371800396467708,0.00011423199872937078
map_20260924T100133Z.jsonl,map,3333.0,0.1,current_1e6,DC,2.0000000000000002e-07,0.1,1.5,3,9.92081e-08,0.0,9.92081e-07,0.0,9.917179999999998e-07,-2.8473366666666665e-08,-1.644576067271364,4.603191011757848e-05
map_20260924T100133Z.jsonl,map,3333.0,0.2,current_1e6,DC,5e-07,0.1,1.5,3,1.98285e-07,0.0,9.91425e-07,0.0,9.911349999999998e-07,-2.83764e-08,-1.6399420324883924,0.00011713230180076544
map_20260924T100133Z.jsonl,map,3333.0,0.5,current_1e6,DC,1e-06,0.1,1.5,3,4.95467e-07,0.0,9.90934e-07,0.0,9.907019999999997e-07,-2.85218e-08,-1.6490604648384932,0.00018011181792442315
map_20260924T100133Z.jsonl,map,10330.0,0.004,current_1e6,DC,1e-08,0.1,1.5,3,4.22933e-09,3.2285135898741303e-12,1.0573325e-06,8.071283974685325e-10,1.0534291666666665e-06,-9.231425e-08,-5.008157930606848,0.00012652443049650228
map_20260924T100133Z.jsonl,map,10330.0,0.01,current_1e6,DC,2e-08,0.1,1.5,3,1.0537733333333333e-08,6.05006887013151e-12,1.0537733333333332e-06,6.05006887013151e-10,1.049503333333333e-06,-9.646776666666666e-08,-5.251730060405943,0.00014634531019018548
map_20260924T100133Z.jsonl,map,10330.0,0.02,current_1e6,DC,5.0000000000000004e-08,0.1,1.5,3,2.1047633333333335e-08,4.819059382631191e-12,1.0523816666666667e-06,2.4095296913155954e-10,1.0480466666666666e-06,-9.643733333333331e-08,-5.257338683164284,8.794248695677646e-05
map_20260924T100133Z.jsonl,map,10330.0,0.05,current_1e6,DC,1.0000000000000001e-07,0.1,1.5,3,5.25751e-08,2.0784609690804247e-12,1.0515019999999999e-06,4.156921938160849e-11,1.0471599999999999e-06,-9.643126666666668e-08,-5.261436129267775,8.438014974718605e-05
map_20260924T100133Z.jsonl,map,10330.0,0.1,current_1e6,DC,2.0000000000000002e-07,0.1,1.5,3,1.0504566666666667e-07,4.618802153522243e-12,1.0504566666666667e-06,4.618802153522243e-11,1.0460933333333332e-06,-9.660103333333332e-08,-5.275990724525995,8.328603605335468e-05
map_20260924T100133Z.jsonl,map,10330.0,0.2,current_1e6,DC,5e-07,0.1,1.5,3,2.0994633333333334e-07,1.674315780650285e-11,1.0497316666666666e-06,8.371578903251425e-11,1.045415e-06,-9.647999999999997e-08,-5.272817442344719,0.00011993647268247916
map_20260924T100133Z.jsonl,map,10330.0,0.5,current_1e6,DC,1e-06,0.1,1.5,3,5.24687e-07,0.0,1.049374e-06,0.0,1.045068e-06,-9.67416e-08,-5.2887790052284425,0.00015448965969617315
map_20260924T100133Z.jsonl,map,33330.0,0.004,current_1e6,DC,2e-08,0.1,1.5,3,8.931596666666667e-09,1.3856887577422944e-12,2.2328991666666666e-06,3.464221894355736e-10,1.6513466666666669e-06,-1.5030991666666666e-06,-42.30928620139995,4.1539775652171666e-05
map_20260924T100133Z.jsonl,map,33330.0,0.01,current_1e6,DC,5.0000000000000004e-08,0.1,1.5,3,2.2234233333333336e-08,3.787259343288145e-12,2.2234233333333337e-06,3.787259343288145e-10,1.63334e-06,-1.5087399999999999e-06,-42.729110810168315,4.9013977961871586e-05
map_20260924T100133Z.jsonl,map,33330.0,0.02,current_1e6,DC,1.0000000000000001e-07,0.1,1.5,3,4.44515e-08,2.0784609690804247e-12,2.222575e-06,1.0392304845402123e-10,1.6287966666666668e-06,-1.5125016666666664e-06,-42.8798030871296,8.099554256854826e-05
map_20260924T100133Z.jsonl,map,33330.0,0.05,current_1e6,DC,5e-07,0.1,1.5,3,1.1097300000000001e-07,1.6209363407021978e-23,2.2194600000000003e-06,3.2418726814043954e-22,1.624002e-06,-1.5128259999999996e-06,-42.97016272271829,2.2645800391521432e-06
map_20260924T100133Z.jsonl,map,33330.0,0.1,current_1e6,DC,5e-07,0.1,1.5,3,2.21714e-07,0.0,2.2171399999999997e-06,0.0,1.62187e-06,-1.5121433333333334e-06,-42.99480497239446,0.00013526916332121138
map_20260924T100133Z.jsonl,map,33330.0,0.2,current_1e6,DC,1e-06,0.1,1.5,3,4.4319500000000007e-07,6.483745362808791e-23,2.2159750000000004e-06,3.2418726814043954e-22,1.6208e-06,-1.5114666666666664e-06,-43.000873826934914,9.967070832931813e-05
map_20260924T100133Z.jsonl,map,70000.0,0.004,current_1e6,DC,1e-08,0.1,1.5,3,1.87691e-09,2.15306757906022e-12,4.6922749999999996e-07,5.38266894765055e-10,-4.300416666666666e-07,-1.8769783333333332e-07,-156.42044912325602,-1.847426902364414e-05
map_20260924T100133Z.jsonl,map,70000.0,0.01,current_1e6,DC,1e-08,0.1,1.5,3,4.6949933333333334e-09,2.7746411179346823e-12,4.6949933333333333e-07,2.7746411179346824e-10,-4.335743333333333e-07,-1.8014133333333334e-07,-157.43810732934142,1.8097449361986436e-05
map_20260924T100133Z.jsonl,map,70000.0,0.02,current_1e6,DC,2e-08,0.1,1.5,3,9.391196666666667e-09,5.253887449628877e-13,4.6955983333333336e-07,2.6269437248144385e-11,-4.360296666666666e-07,-1.742145e-07,-158.22095146004554,-3.1464689630380656e-05
map_20260924T100133Z.jsonl,map,70000.0,0.05,current_1e6,DC,5.0000000000000004e-08,0.1,1.5,3,2.3445066666666665e-08,1.850225211516185e-12,4.689013333333333e-07,3.7004504230323695e-11,-4.3619599999999994e-07,-1.7200479999999997e-07,-158.47923663343488,-3.606485597341336e-05
map_20260924T100133Z.jsonl,map,70000.0,0.1,current_1e6,DC,1.0000000000000001e-07,0.1,1.5,3,4.6881666666666667e-08,2.136195995998689e-12,4.6881666666666667e-07,2.1361959959986888e-11,-4.362566666666666e-07,-1.7166499999999997e-07,-158.52058954973563,-7.177528231298235e-07
map_20260924T100133Z.jsonl,map,70000.0,0.2,current_1e6,DC,2.0000000000000002e-07,0.1,1.5,3,9.36954e-08,4.156921938160849e-12,4.68477e-07,2.0784609690804246e-11,-4.3612299999999994e-07,-1.7105899999999997e-07,-158.58357225463135,-1.4231884863137566e-05
map_20260924T100133Z.jsonl,map,70000.0,0.5,current_1e6,DC,5e-07,0.1,1.5,3,2.34258e-07,0.0,4.68516e-07,0.0,-4.3644199999999996e-07,-1.703748e-07,-158.67571131344405,4.440807262360958e-06
map_20260924T100133Z.jsonl,map,102000.0,0.004,current_1e6,DC,1e-08,0.1,1.5,3,7.279023333333333e-10,1.8378708696024577e-12,1.8197558333333334e-07,4.5946771740061444e-10,-1.7511649999999998e-07,-4.941616666666667e-08,-164.2414517536533,-0.00011123680899017031
map_20260924T100133Z.jsonl,map,102000.0,0.01,current_1e6,DC,5e-09,0.1,1.5,3,1.8116466666666668e-09,1.1197023413985906e-12,1.8116466666666668e-07,1.1197023413985906e-10,-1.7573033333333334e-07,-4.401973333333333e-08,-165.93701639395627,-2.6652371276820535e-05
map_20260924T100133Z.jsonl,map,102000.0,0.02,current_1e6,DC,1e-08,0.1,1.5,3,3.6260166666666666e-09,2.3342307797930394e-12,1.8130083333333332e-07,1.1671153898965196e-10,-1.7634399999999998e-07,-4.2079466666666663e-08,-166.5789716357539,-3.201020066607517e-05
map_20260924T100133Z.jsonl,map,102000.0,0.05,current_1e6,DC,2e-08,0.1,1.5,3,9.088943333333332e-09,1.8943160595144375e-12,1.8177886666666662e-07,3.7886321190288745e-11,-1.767706e-07,-4.232213333333333e-08,-166.53577949133077,-6.882626149534303e-05
map_20260924T100133Z.jsonl,map,102000.0,0.1,current_1e6,DC,5.0000000000000004e-08,0.1,1.5,3,1.818333333333333e-08,1.0969655114603866e-12,1.818333333333333e-07,1.0969655114603866e-11,-1.7675199999999994e-07,-4.2704099999999995e-08,-166.41736762285856,2.3417636854916475e-05
map_20260924T100133Z.jsonl,map,102000.0,0.2,current_1e6,DC,1.0000000000000001e-07,0.1,1.5,3,3.6364266666666664e-08,2.1361959960025094e-12,1.8182133333333331e-07,1.0680979980012546e-11,-1.767645e-07,-4.257071666666667e-08,-166.45914974715492,-1.577309747506985e-05
map_20260924T100133Z.jsonl,map,102000.0,0.5,current_1e6,DC,2.0000000000000002e-07,0.1,1.5,3,9.09766e-08,4.156921938160849e-12,1.819532e-07,8.313843876321699e-12,-1.7700553333333332e-07,-4.214746666666666e-08,-166.60649379514714,6.052888848349947e-06
map_refine_20260924T101312Z.jsonl,map,38000.0,0.004,current_1e6,DC,2e-08,0.1,1.5,3,1.0647833333333332e-08,3.803068936180086e-12,2.661958333333333e-06,9.507672340450214e-10,9.051024999999999e-07,-2.503475e-06,-70.12312780539669,4.060324908776822e-05
map_refine_20260924T101312Z.jsonl,map,38000.0,0.01,current_1e6,DC,5.0000000000000004e-08,0.1,1.5,3,2.64925e-08,2.749545416973806e-12,2.64925e-06,2.749545416973806e-10,8.868236666666666e-07,-2.496453333333333e-06,-70.44326115777807,1.4953083809807595e-05
map_refine_20260924T101312Z.jsonl,map,38000.0,0.02,current_1e6,DC,1.0000000000000001e-07,0.1,1.5,3,5.295463333333333e-08,3.650114153464928e-12,2.6477316666666666e-06,1.8250570767324642e-10,8.7876e-07,-2.4976049999999995e-06,-70.61603434339571,-1.6625600755676465e-05
map_refine_20260924T101312Z.jsonl,map,38000.0,0.05,current_1e6,DC,5e-07,0.1,1.5,3,1.32132e-07,0.0,2.64264e-06,0.0,8.750599999999998e-07,-2.4940266666666667e-06,-70.66594985209377,0.00016844235323758934
map_refine_20260924T101312Z.jsonl,map,38000.0,0.1,current_1e6,DC,5e-07,0.1,1.5,3,2.64032e-07,0.0,2.64032e-06,0.0,8.734099999999998e-07,-2.491599999999999e-06,-70.68230230400432,-2.6832862735768188e-05
map_refine_20260924T101312Z.jsonl,map,38000.0,0.2,current_1e6,DC,1e-06,0.1,1.5,3,5.27772e-07,0.0,2.63886e-06,0.0,8.712766666666667e-07,-2.491015e-06,-70.72181030268084,5.0020454244142916e-05
pilot_20260924T094813Z.jsonl,pilot,13.033,0.004,current_1e6,DC,1e-06,0.1,1.5,3,3.95815e-09,0.0,9.895374999999999e-07,0.0,1.00409e-06,0.0,0.0,0.014706365347447764
pilot_20260924T094813Z.jsonl,pilot,13.033,0.01,current_1e6,DC,1e-06,0.1,1.5,3,9.89536e-09,0.0,9.89536e-07,0.0,9.95357e-07,0.0,0.0,0.005882555056107142
pilot_20260924T094813Z.jsonl,pilot,13.033,0.02,current_1e6,DC,1e-06,0.1,1.5,3,1.97907e-08,0.0,9.89535e-07,0.0,9.924449999999998e-07,0.0,0.0,0.002940775212599715
